-- Brand data

INSERT INTO BRAND(brand_name) VALUES('에스트라');
INSERT INTO BRAND(brand_name) VALUES('바이오힐 보');
INSERT INTO BRAND(brand_name) VALUES('헤라');
INSERT INTO BRAND(brand_name) VALUES('에뛰드');
INSERT INTO BRAND(brand_name) VALUES('지베르니');
INSERT INTO BRAND(brand_name) VALUES('웰라쥬');
INSERT INTO BRAND(brand_name) VALUES('토리든');
INSERT INTO BRAND(brand_name) VALUES('아누아');
INSERT INTO BRAND(brand_name) VALUES('롬앤');
INSERT INTO BRAND(brand_name) VALUES('웨이크메이크');
INSERT INTO BRAND(brand_name) VALUES('컬러그램');
INSERT INTO BRAND(brand_name) VALUES('페리페라');
INSERT INTO BRAND(brand_name) VALUES('VDL');
INSERT INTO BRAND(brand_name) VALUES('라카');
INSERT INTO BRAND(brand_name) VALUES('아이소이');
INSERT INTO BRAND(brand_name) VALUES('라로슈포제');
INSERT INTO BRAND(brand_name) VALUES('에스네이처');
INSERT INTO BRAND(brand_name) VALUES('뮤드');
INSERT INTO BRAND(brand_name) VALUES('피지오겔');
INSERT INTO BRAND(brand_name) VALUES('넘버즈인');
INSERT INTO BRAND(brand_name) VALUES('메이크프렘');
INSERT INTO BRAND(brand_name) VALUES('센카');
INSERT INTO BRAND(brand_name) VALUES('홀리카홀리카');
INSERT INTO BRAND(brand_name) VALUES('메디힐');
INSERT INTO BRAND(brand_name) VALUES('브링그린');
INSERT INTO BRAND(brand_name) VALUES('은율');
INSERT INTO BRAND(brand_name) VALUES('프리메라');
INSERT INTO BRAND(brand_name) VALUES('라네즈');
INSERT INTO BRAND(brand_name) VALUES('한율');
INSERT INTO BRAND(brand_name) VALUES('어바웃톤');
INSERT INTO BRAND(brand_name) VALUES('하다라보');
INSERT INTO BRAND(brand_name) VALUES('라운드랩');

COMMIT;


-- Category data
SET DEFINE OFF;

INSERT INTO ProductCategory(category_name) VALUES('toner');
INSERT INTO ProductCategory(category_name) VALUES('essence&serum');
INSERT INTO ProductCategory(category_name) VALUES('cream');
INSERT INTO ProductCategory(category_name) VALUES('cleansing');
INSERT INTO ProductCategory(category_name) VALUES('sheet mask');
INSERT INTO ProductCategory(category_name) VALUES('pad');
INSERT INTO ProductCategory(category_name) VALUES('sunscreen');
INSERT INTO ProductCategory(category_name) VALUES('BB&CC');
INSERT INTO ProductCategory(category_name) VALUES('foundation');
INSERT INTO ProductCategory(category_name) VALUES('cushion');
INSERT INTO ProductCategory(category_name) VALUES('powder&pact');
INSERT INTO ProductCategory(category_name) VALUES('concealer');
INSERT INTO ProductCategory(category_name) VALUES('blush');
INSERT INTO ProductCategory(category_name) VALUES('contour');
INSERT INTO ProductCategory(category_name) VALUES('eyebrow');
INSERT INTO ProductCategory(category_name) VALUES('eyeshadow');
INSERT INTO ProductCategory(category_name) VALUES('eyeliner');
INSERT INTO ProductCategory(category_name) VALUES('mascara');
INSERT INTO ProductCategory(category_name) VALUES('lipstick');
INSERT INTO ProductCategory(category_name) VALUES('lip gloss');
INSERT INTO ProductCategory(category_name) VALUES('lip tint');
INSERT INTO ProductCategory(category_name) VALUES('lip balm');

COMMIT;


-- Product data

INSERT INTO PRODUCT(brand_id, product_name, category, capacity, price) VALUES(1,'에스트라 아토베리어365 로션','cream','150ml',33000);
INSERT INTO PRODUCT(brand_id, product_name, category, capacity, price) VALUES(3,'헤라 센슈얼 누드 글로스 380호 체리쉬','lip gloss','5g',40000);
INSERT INTO PRODUCT(brand_id, product_name, category, capacity, price) VALUES(4,'NEW 에뛰드 올 데이 맑은 비비크림 02 아이보리','BB&CC','35ml',22000);
INSERT INTO PRODUCT(brand_id, product_name, category, capacity, price) VALUES(2,'바이오힐 보 판테셀 리페어시카 크림','cream','50ml',32000);
INSERT INTO PRODUCT(brand_id, product_name, category, capacity, price) VALUES(2,'바이오힐 보 판테셀 리페어 시카좀 크림','cream','80ml',32000);
INSERT INTO PRODUCT(brand_id, product_name, category, capacity, price) VALUES(5,'지베르니 밀착 커버 쿠션 21NW','cushion','12g*2',37000);
INSERT INTO PRODUCT(brand_id, product_name, category, capacity, price) VALUES(6,'웰라쥬 리얼 히알루로닉 블루 100 앰플','essence&serum','100ml',30000);
INSERT INTO PRODUCT(brand_id, product_name, category, capacity, price) VALUES(9,'롬앤 더 쥬시 래스팅 틴트 02 누카다미아','lip tint','3.5g',13000);
INSERT INTO PRODUCT(brand_id, product_name, category, capacity, price) VALUES(9,'롬앤 더 쥬시 래스팅 틴트 03 베어그레이프','lip tint','3.5g',13000);
INSERT INTO PRODUCT(brand_id, product_name, category, capacity, price) VALUES(7,'토리든 다이브인 저분자 히알루론산 세럼','essence&serum','50ml',22000);
INSERT INTO PRODUCT(brand_id, product_name, category, capacity, price) VALUES(8,'아누아 어성초 77 수딩 토너','toner','250ml',25000);
INSERT INTO PRODUCT(brand_id, product_name, category, capacity, price) VALUES(11,'컬러그램 누디 블러 틴트 07 긱로즈','lip tint','5g',10000);
INSERT INTO PRODUCT(brand_id, product_name, category, capacity, price) VALUES(12,'페리페라 스피디 펜슬 라이너 06 N트임진저','eyeliner','0.14g',8000);
INSERT INTO PRODUCT(brand_id, product_name, category, capacity, price) VALUES(13,'VDL 커버스테인 퍼펙팅 파운데이션 V02','foundation','30ml',32000);
INSERT INTO PRODUCT(brand_id, product_name, category, capacity, price) VALUES(14,'라카 프루티 글램 틴트 143 브륄레','lip tint','4.5g',18000);
INSERT INTO PRODUCT(brand_id, product_name, category, capacity, price) VALUES(15,'아이소이 모이스춰 닥터 장수진 수분크림','cream','70ml',36000);
INSERT INTO PRODUCT(brand_id, product_name, category, capacity, price) VALUES(12,'페리페라 잉크 무드 글로이 밤 07 모브다이브','lipstick','3g',13000);
INSERT INTO PRODUCT(brand_id, product_name, category, capacity, price) VALUES(16,'라로슈포제 시카플라스트 멀티 리페어 크림 B5','cream','100ml',50000);
INSERT INTO PRODUCT(brand_id, product_name, category, capacity, price) VALUES(18,'뮤드 플러터 블러셔 05 로지 브리즈','blush','5g',16000);
INSERT INTO PRODUCT(brand_id, product_name, category, capacity, price) VALUES(10,'웨이크메이크 리얼 애쉬 브러쉬 아이라이너 01 애쉬 블랙','eyeliner','1g*2',14000);
INSERT INTO PRODUCT(brand_id, product_name, category, capacity, price) VALUES(10,'웨이크메이크 리얼 애쉬 브러쉬 아이라이너 03 애쉬 우드','eyeliner','1g*2',14000);
INSERT INTO PRODUCT(brand_id, product_name, category, capacity, price) VALUES(19,'피지오겔 DMT 페이셜 수분 장벽 크림','cream','150ml',47500);
INSERT INTO PRODUCT(brand_id, product_name, category, capacity, price) VALUES(20,'넘버즈인 3번 보들보들 결 세럼','essence&serum','50ml',30000);
INSERT INTO PRODUCT(brand_id, product_name, category, capacity, price) VALUES(21,'메이크프렘 세이프 미 릴리프 모이스처 클렌징 밀크','cleansing','200ml',24000);
INSERT INTO PRODUCT(brand_id, product_name, category, capacity, price) VALUES(22,'센카 퍼펙트 휩 페이셜 워시','cleansing','120g',9800);
INSERT INTO PRODUCT(brand_id, product_name, category, capacity, price) VALUES(17,'에스네이처 아쿠아 스쿠알란 수분크림','cream','60ml',24000);
INSERT INTO PRODUCT(brand_id, product_name, category, capacity, price) VALUES(24,'메디힐 더마 패드 피토엔자임 각질필링 패드 100매','pad','100매',26000);
INSERT INTO PRODUCT(brand_id, product_name, category, capacity, price) VALUES(24,'메디힐 더마 패드 티트리 트러블진정 패드 100매','pad','100매',26000);
INSERT INTO PRODUCT(brand_id, product_name, category, capacity, price) VALUES(25,'브링그린 티트리 시카 수딩 크림 플러스','cream','100ml',19000);
INSERT INTO PRODUCT(brand_id, product_name, category, capacity, price) VALUES(26,'은율 내츄럴 알로에 마스크팩 10매','sheet mask','22ml*10',5000);
INSERT INTO PRODUCT(brand_id, product_name, category, capacity, price) VALUES(27,'프리메라 마일드 앤 퍼펙트 클렌징 오일 투 폼','cleansing','200ml',26000);
INSERT INTO PRODUCT(brand_id, product_name, category, capacity, price) VALUES(28,'라네즈 립 슬리핑마스크 자몽','lip balm','20g',22000);
INSERT INTO PRODUCT(brand_id, product_name, category, capacity, price) VALUES(29,'한율 달빛유자 비타톤업 애플존 패드 60매','pad','105ml',29000);
INSERT INTO PRODUCT(brand_id, product_name, category, capacity, price) VALUES(30,'어바웃톤 스킨 레이어 핏 파운데이션 19 페어','foundation','30ml',28000);
INSERT INTO PRODUCT(brand_id, product_name, category, capacity, price) VALUES(4,'에뛰드 컬 픽스 마스카라 04 가닥볼륨','mascara','8g',16000);
INSERT INTO PRODUCT(brand_id, product_name, category, capacity, price) VALUES(31,'하다라보 고쿠쥰 클렌징 오일','cleansing','200ml',19500);
INSERT INTO PRODUCT(brand_id, product_name, category, capacity, price) VALUES(4,'에뛰드 컬 픽스 마스카라 03 그레이 브라운','mascara','8g',16000);
INSERT INTO PRODUCT(brand_id, product_name, category, capacity, price) VALUES(17,'에스네이처 아쿠아 라이스 약산성 클렌징폼','cleansing','160ml',19000);
INSERT INTO PRODUCT(brand_id, product_name, category, capacity, price) VALUES(32,'라운드랩 약콩 판테놀 토너','toner','250ml',23000);
INSERT INTO PRODUCT(brand_id, product_name, category, capacity, price) VALUES(7,'토리든 솔리드인 세라마이드 크림','cream','70ml',28000);

COMMIT;


-- Ingredient data

INSERT INTO INGREDIENT(inci_name, ingr_name, ewg_level) VALUES('Mineral oil', '미네랄오일', '3');
INSERT INTO INGREDIENT(inci_name, ingr_name, ewg_level) VALUES('o-Cymen-5-ol', 'o-사이멘-5-올', '1-2');
INSERT INTO INGREDIENT(inci_name, ingr_name, ewg_level) VALUES('Green 3', '녹색3호', '6');
INSERT INTO INGREDIENT(inci_name, ingr_name, ewg_level) VALUES('Acid Orange 7', '등색205호', '2-8');
INSERT INTO INGREDIENT(inci_name, ingr_name, ewg_level) VALUES('Diazolidinyl Urea', '디아졸리디닐우레아', '4');
INSERT INTO INGREDIENT(inci_name, ingr_name, ewg_level) VALUES('DMDM Hydantoin', '디엠디엠하이단토인', '6');
INSERT INTO INGREDIENT(inci_name, ingr_name, ewg_level) VALUES('Benzophenone-3', '벤조페논-3', '4');
INSERT INTO INGREDIENT(inci_name, ingr_name, ewg_level) VALUES('Butyl Methoxydibenzoylmethane', '부틸메톡시디벤조일메탄', '1');
INSERT INTO INGREDIENT(inci_name, ingr_name, ewg_level) VALUES('BHA', '비에이치에이', '7');
INSERT INTO INGREDIENT(inci_name, ingr_name, ewg_level) VALUES('BHT', '비에이치티', '5');
INSERT INTO INGREDIENT(inci_name, ingr_name, ewg_level) VALUES('Sodium Laureth Sulfate', '소듐라우레스설페이트', '1-3');
INSERT INTO INGREDIENT(inci_name, ingr_name, ewg_level) VALUES('Sodium Lauryl Sulfate', '소듐라우릴설페이트', '1');
INSERT INTO INGREDIENT(inci_name, ingr_name, ewg_level) VALUES('Sorbic Acid', '소르빅애씨드', '2');
INSERT INTO INGREDIENT(inci_name, ingr_name, ewg_level) VALUES('Isopropyl Alcohol', '아이소프로필알코올', '2');
INSERT INTO INGREDIENT(inci_name, ingr_name, ewg_level) VALUES('Imidazolidinyl Urea', '이미다졸리디닐우레아', '4');
INSERT INTO INGREDIENT(inci_name, ingr_name, ewg_level) VALUES('Acid Violet 43', '자색401호', '9');
INSERT INTO INGREDIENT(inci_name, ingr_name, ewg_level) VALUES('CI 14720', '적색3호', '2-5');
INSERT INTO INGREDIENT(inci_name, ingr_name, ewg_level) VALUES('Acid Blue 9 Aluminum Lake', '청색1호알루미늄레이크', '');
INSERT INTO INGREDIENT(inci_name, ingr_name, ewg_level) VALUES('Acid Blue 74 Aluminum Lake', '청색2호알루미늄레이크', '1-3');
INSERT INTO INGREDIENT(inci_name, ingr_name, ewg_level) VALUES('Triisopropanolamine', '트라이아이소프로판올아민', '3-7');
INSERT INTO INGREDIENT(inci_name, ingr_name, ewg_level) VALUES('Triethanolamine', '트라이에탄올아민', '6');
INSERT INTO INGREDIENT(inci_name, ingr_name, ewg_level) VALUES('Triclosan', '트리클로산', '7');
INSERT INTO INGREDIENT(inci_name, ingr_name, ewg_level) VALUES('Thymol', '티몰', '1-4');
INSERT INTO INGREDIENT(inci_name, ingr_name, ewg_level) VALUES('Methylparaben', '메틸파라벤', '3-4');
INSERT INTO INGREDIENT(inci_name, ingr_name, ewg_level) VALUES('Benzylparaben', '벤질파라벤', '');
INSERT INTO INGREDIENT(inci_name, ingr_name, ewg_level) VALUES('Butylparaben', '부틸파라벤', '9');
INSERT INTO INGREDIENT(inci_name, ingr_name, ewg_level) VALUES('Sodium Methylparaben', '소듐메틸파라벤', '');
INSERT INTO INGREDIENT(inci_name, ingr_name, ewg_level) VALUES('Sodium Butylparaben', '소듐부틸파라벤', '');
INSERT INTO INGREDIENT(inci_name, ingr_name, ewg_level) VALUES('Sodium Isobutylparaben', '소듐아이소부틸파라벤', '');
INSERT INTO INGREDIENT(inci_name, ingr_name, ewg_level) VALUES('Sodium Isopropylparaben', '소듐아이소프로필파라벤', '');
INSERT INTO INGREDIENT(inci_name, ingr_name, ewg_level) VALUES('Sodium Ethylparaben', '소듐에틸파라벤', '');
INSERT INTO INGREDIENT(inci_name, ingr_name, ewg_level) VALUES('Sodium Paraben', '소듐파라벤', '');
INSERT INTO INGREDIENT(inci_name, ingr_name, ewg_level) VALUES('Sodium Propylparaben', '소듐프로필파라벤', '');
INSERT INTO INGREDIENT(inci_name, ingr_name, ewg_level) VALUES('Isodecylparaben', '아이소데실파라벤', '');
INSERT INTO INGREDIENT(inci_name, ingr_name, ewg_level) VALUES('Isobutylparaben', '아이소부틸파라벤', '10');
INSERT INTO INGREDIENT(inci_name, ingr_name, ewg_level) VALUES('Isopropylparaben', '아이소프로필파라벤', '10');
INSERT INTO INGREDIENT(inci_name, ingr_name, ewg_level) VALUES('Ethylparaben', '에틸파라벤', '3');
INSERT INTO INGREDIENT(inci_name, ingr_name, ewg_level) VALUES('Undecylenoyl PEG-5 Paraben', '운데실레노일피이지-5파라벤', '1-2');
INSERT INTO INGREDIENT(inci_name, ingr_name, ewg_level) VALUES('Calcium Paraben', '칼슘파라벤', '');
INSERT INTO INGREDIENT(inci_name, ingr_name, ewg_level) VALUES('Potassium Methylparaben', '포타슘메틸파라벤', '');
INSERT INTO INGREDIENT(inci_name, ingr_name, ewg_level) VALUES('Potassium Butylparaben', '포타슘부틸파라벤', '');
INSERT INTO INGREDIENT(inci_name, ingr_name, ewg_level) VALUES('Potassium Ethylparaben', '포타슘에틸파라벤', '');
INSERT INTO INGREDIENT(inci_name, ingr_name, ewg_level) VALUES('Potassium Paraben', '포타슘파라벤', '');
INSERT INTO INGREDIENT(inci_name, ingr_name, ewg_level) VALUES('Potassium Propylparaben', '포타슘프로필파라벤', '');
INSERT INTO INGREDIENT(inci_name, ingr_name, ewg_level) VALUES('Propylparaben', '프로필파라벤', '9');
INSERT INTO INGREDIENT(inci_name, ingr_name, ewg_level) VALUES('Hexamidine Diparaben', '헥사미딘다이파라벤', '');
INSERT INTO INGREDIENT(inci_name, ingr_name, ewg_level) VALUES('Hexamidine Paraben', '헥사미딘파라벤', '');
INSERT INTO INGREDIENT(inci_name, ingr_name, ewg_level) VALUES('Phenoxyethanol', '페녹시에탄올', '2-4');
INSERT INTO INGREDIENT(inci_name, ingr_name, ewg_level) VALUES('C12-20 Acid PEG-8 Ester', 'C12-20애씨드피이지-8에스터', '1-2');
INSERT INTO INGREDIENT(inci_name, ingr_name, ewg_level) VALUES('Dimethicone PEG-8 Meadowfoamate', '다이메티콘피이지-8메도우포메이트', '1-2');
INSERT INTO INGREDIENT(inci_name, ingr_name, ewg_level) VALUES('Red 7 Lake', '적색201호', '1-5');
INSERT INTO INGREDIENT(inci_name, ingr_name, ewg_level) VALUES('Red 34', '적색220호', '2-4');
INSERT INTO INGREDIENT(inci_name, ingr_name, ewg_level) VALUES('CI 15985', '황색5호', '3-7');
INSERT INTO INGREDIENT(inci_name, ingr_name, ewg_level) VALUES('Fragrance', '향료', '8');
INSERT INTO INGREDIENT(inci_name, ingr_name, ewg_level) VALUES('Yellow 5 Lake', '황색4호레이크', '4-6');
INSERT INTO INGREDIENT(inci_name, ingr_name, ewg_level) VALUES('Yellow 6 Lake', '황색5호레이크', '3-7');
INSERT INTO INGREDIENT(inci_name, ingr_name, ewg_level) VALUES('Water', '정제수', '1');
INSERT INTO INGREDIENT(inci_name, ingr_name, ewg_level) VALUES('Butylene Glycol', '부틸렌글라이콜', '1');
INSERT INTO INGREDIENT(inci_name, ingr_name, ewg_level) VALUES('Glycerin', '글리세린', '1-2');
INSERT INTO INGREDIENT(inci_name, ingr_name, ewg_level) VALUES('Dimethicone', '다이메티콘', '2-5');
INSERT INTO INGREDIENT(inci_name, ingr_name, ewg_level) VALUES('Squalane', '스쿠알란', '1');
INSERT INTO INGREDIENT(inci_name, ingr_name, ewg_level) VALUES('Pentaerythrityl Tetraisostearate', '펜타에리스리틸테트라아이소스테아레이트', '1');
INSERT INTO INGREDIENT(inci_name, ingr_name, ewg_level) VALUES('Betaine', '베타인', '1-4');
INSERT INTO INGREDIENT(inci_name, ingr_name, ewg_level) VALUES('Polyglyceryl-3 Methylglucose Distearate', '폴리글리세릴-3메틸글루코오스다이스테아레이트', '1');
INSERT INTO INGREDIENT(inci_name, ingr_name, ewg_level) VALUES('Butylene Glycol Dicaprylate/Dicaprate', '부틸렌글라이콜다이카프릴레이트/다이카프레이트', '1');
INSERT INTO INGREDIENT(inci_name, ingr_name, ewg_level) VALUES('Caprylic/Capric Triglyceride', '카프릴릭/카프릭트라이글리세라이드', '1');
INSERT INTO INGREDIENT(inci_name, ingr_name, ewg_level) VALUES('Palmitic Acid', '팔미틱애씨드', '1');
INSERT INTO INGREDIENT(inci_name, ingr_name, ewg_level) VALUES('Stearic Acid', '스테아릭애씨드', '1');
INSERT INTO INGREDIENT(inci_name, ingr_name, ewg_level) VALUES('Glyceryl Stearate', '글리세릴스테아레이트', '1');
INSERT INTO INGREDIENT(inci_name, ingr_name, ewg_level) VALUES('Hydroxypropyl Bispalmitamide MEA', '하이드록시프로필비스팔미타마이드엠이에이', '1');
INSERT INTO INGREDIENT(inci_name, ingr_name, ewg_level) VALUES('Glyceryl Stearate Citrate', '글리세릴스테아레이트시트레이트', '1');
INSERT INTO INGREDIENT(inci_name, ingr_name, ewg_level) VALUES('Cholesterol', '콜레스테롤', '1');
INSERT INTO INGREDIENT(inci_name, ingr_name, ewg_level) VALUES('Niacinamide', '나이아신아마이드', '1');
INSERT INTO INGREDIENT(inci_name, ingr_name, ewg_level) VALUES('Dimethiconol', '다이메티콘올', '1');
INSERT INTO INGREDIENT(inci_name, ingr_name, ewg_level) VALUES('Hydroxypropyl Bislauramide MEA', '하이드록시프로필비스라우라마이드엠이에이', '1');
INSERT INTO INGREDIENT(inci_name, ingr_name, ewg_level) VALUES('Behenyl Alcohol', '베헤닐알코올', '1');
INSERT INTO INGREDIENT(inci_name, ingr_name, ewg_level) VALUES('Glyceryl Caprylate', '글리세릴카프릴레이트', '1');
INSERT INTO INGREDIENT(inci_name, ingr_name, ewg_level) VALUES('Carbomer', '카보머', '1-2');
INSERT INTO INGREDIENT(inci_name, ingr_name, ewg_level) VALUES('Disodium EDTA', '다이소듐이디티에이', '2');
INSERT INTO INGREDIENT(inci_name, ingr_name, ewg_level) VALUES('Ethylhexylglycerin', '에틸헥실글리세린', '2');
INSERT INTO INGREDIENT(inci_name, ingr_name, ewg_level) VALUES('Tromethamine', '트로메타민', '1-3');
INSERT INTO INGREDIENT(inci_name, ingr_name, ewg_level) VALUES('Sorbitan Isostearate', '솔비탄아이소스테아레이트', '1');
INSERT INTO INGREDIENT(inci_name, ingr_name, ewg_level) VALUES('Phytosphingosine', '피토스핑고신', '1');
INSERT INTO INGREDIENT(inci_name, ingr_name, ewg_level) VALUES('Mannitol', '만니톨', '1');
INSERT INTO INGREDIENT(inci_name, ingr_name, ewg_level) VALUES('Ceramide NP', '세라마이드엔피', '1');
INSERT INTO INGREDIENT(inci_name, ingr_name, ewg_level) VALUES('Tocopherol', '토코페롤', '1-2');
INSERT INTO INGREDIENT(inci_name, ingr_name, ewg_level) VALUES('Hydrogenated Lecithin', '하이드로제네이티드레시틴', '1-2');
INSERT INTO INGREDIENT(inci_name, ingr_name, ewg_level) VALUES('Silica', '실리카', '1');
INSERT INTO INGREDIENT(inci_name, ingr_name, ewg_level) VALUES('Sphingolipids', '스핑고리피드', '1');
INSERT INTO INGREDIENT(inci_name, ingr_name, ewg_level) VALUES('Arachidic Acid', '아라키딕애씨드', '1');
INSERT INTO INGREDIENT(inci_name, ingr_name, ewg_level) VALUES('Oleic Acid', '올레익애씨드', '1');
INSERT INTO INGREDIENT(inci_name, ingr_name, ewg_level) VALUES('1,2-Hexanediol', '1,2-헥산다이올', '1');
INSERT INTO INGREDIENT(inci_name, ingr_name, ewg_level) VALUES('Hydroxyethyl Acrylate/Sodium Acryloyldimethyl Taurate Copolymer', '하이드록시에틸아크릴레이트/소듐아크릴로일다이메틸타우레이트코폴리머', '1');
INSERT INTO INGREDIENT(inci_name, ingr_name, ewg_level) VALUES('Acrylates/Ammonium Methacrylate Copolymer', '아크릴레이트/암모늄메타크릴레이트코폴리머', '1-2');
INSERT INTO INGREDIENT(inci_name, ingr_name, ewg_level) VALUES('Dipentaerythrityl Pentaisostearate', '다이펜타에리스리틸펜타아이소스테아레이트', '1');
INSERT INTO INGREDIENT(inci_name, ingr_name, ewg_level) VALUES('Polyglyceryl-10 Decaisostearate', '폴리글리세릴-10데카아이소스테아레이트', '1');
INSERT INTO INGREDIENT(inci_name, ingr_name, ewg_level) VALUES('Hydrogenated Polyisobutene', '하이드로제네이티드폴리아이소부텐', '1');
INSERT INTO INGREDIENT(inci_name, ingr_name, ewg_level) VALUES('Diisostearyl Malate', '다이아이소스테아릴말레이트', '1');
INSERT INTO INGREDIENT(inci_name, ingr_name, ewg_level) VALUES('Polybutene', '폴리부텐', '1');
INSERT INTO INGREDIENT(inci_name, ingr_name, ewg_level) VALUES('Tridecyl Trimellitate', '트라이데실트라이멜리테이트', '1');
INSERT INTO INGREDIENT(inci_name, ingr_name, ewg_level) VALUES('Silica Dimethyl Silylate', '실리카다이메틸실릴레이트', '1-2');
INSERT INTO INGREDIENT(inci_name, ingr_name, ewg_level) VALUES('Dipalmitoyl Hydroxyproline', '다이팔미토일하이드록시프롤린', '1');
INSERT INTO INGREDIENT(inci_name, ingr_name, ewg_level) VALUES('Polyglyceryl-2 Triisostearate', '폴리글리세릴-2트라이아이소스테아레이트', '1');
INSERT INTO INGREDIENT(inci_name, ingr_name, ewg_level) VALUES('Menthol', '멘톨', '3');
INSERT INTO INGREDIENT(inci_name, ingr_name, ewg_level) VALUES('Limonene', '리모넨', '4-5');
INSERT INTO INGREDIENT(inci_name, ingr_name, ewg_level) VALUES('Citrus Limon (Lemon) Peel Oil', '레몬껍질오일', '4-6');
INSERT INTO INGREDIENT(inci_name, ingr_name, ewg_level) VALUES('Oenothera Biennis (Evening Primrose) Oil', '달맞이꽃오일', '1');
INSERT INTO INGREDIENT(inci_name, ingr_name, ewg_level) VALUES('Phytosterols', '피토스테롤', '1');
INSERT INTO INGREDIENT(inci_name, ingr_name, ewg_level) VALUES('Citral', '시트랄', '3-4');
INSERT INTO INGREDIENT(inci_name, ingr_name, ewg_level) VALUES('Citronellol', '시트로넬올', '3-4');
INSERT INTO INGREDIENT(inci_name, ingr_name, ewg_level) VALUES('Alumina', '알루미나', '3-7');
INSERT INTO INGREDIENT(inci_name, ingr_name, ewg_level) VALUES('Pelargonium Graveolens Flower Oil', '센티드제라늄꽃오일', '4');
INSERT INTO INGREDIENT(inci_name, ingr_name, ewg_level) VALUES('Triethoxycaprylylsilane', '트라이에톡시카프릴릴실레인', '1');
INSERT INTO INGREDIENT(inci_name, ingr_name, ewg_level) VALUES('Linalool', '리날룰', '3-4');
INSERT INTO INGREDIENT(inci_name, ingr_name, ewg_level) VALUES('Geraniol', '제라니올', '3');
INSERT INTO INGREDIENT(inci_name, ingr_name, ewg_level) VALUES('CI 15850', '적색202호', '1-5');
INSERT INTO INGREDIENT(inci_name, ingr_name, ewg_level) VALUES('CI 77491', '적색산화철', '2');
INSERT INTO INGREDIENT(inci_name, ingr_name, ewg_level) VALUES('CI 77492', '황색산화철', '2');
INSERT INTO INGREDIENT(inci_name, ingr_name, ewg_level) VALUES('CI 77499', '흑색산화철', '1-2');
INSERT INTO INGREDIENT(inci_name, ingr_name, ewg_level) VALUES('CI 42090', '청색1호', '3-7');
INSERT INTO INGREDIENT(inci_name, ingr_name, ewg_level) VALUES('CI 77891', '티타늄디옥사이드', '1');
INSERT INTO INGREDIENT(inci_name, ingr_name, ewg_level) VALUES('Disiloxane', '다이실록세인', '2-3');
INSERT INTO INGREDIENT(inci_name, ingr_name, ewg_level) VALUES('Homosalate', '호모살레이트', '3-5');
INSERT INTO INGREDIENT(inci_name, ingr_name, ewg_level) VALUES('Caprylyl Methicone', '카프릴릴메티콘', '1-2');
INSERT INTO INGREDIENT(inci_name, ingr_name, ewg_level) VALUES('Ethylhexyl Salicylate', '에칠헥실살리실레이트', '1-5');
INSERT INTO INGREDIENT(inci_name, ingr_name, ewg_level) VALUES('PEG-10 Dimethicone', '피이지-10다이메티콘', '1-2');
INSERT INTO INGREDIENT(inci_name, ingr_name, ewg_level) VALUES('Polymethylsilsesquioxane', '폴리메틸실세스퀴옥세인', '1');
INSERT INTO INGREDIENT(inci_name, ingr_name, ewg_level) VALUES('Tribehenin', '트라이베헤닌', '1');
INSERT INTO INGREDIENT(inci_name, ingr_name, ewg_level) VALUES('Zinc Oxide', '징크옥사이드', '1-2');
INSERT INTO INGREDIENT(inci_name, ingr_name, ewg_level) VALUES('Lactobacillus Ferment Lysate', '락토바실러스발효용해물', '1');
INSERT INTO INGREDIENT(inci_name, ingr_name, ewg_level) VALUES('Sodium Chloride', '소듐클로라이드', '1');
INSERT INTO INGREDIENT(inci_name, ingr_name, ewg_level) VALUES('Lauryl PEG-9 Polydimethylsiloxyethyl Dimethicone', '라우릴피이지-9폴리다이메틸실록시에틸다이메티콘', '1-2');
INSERT INTO INGREDIENT(inci_name, ingr_name, ewg_level) VALUES('Trimethylsiloxysilicate', '트라이메틸실록시실리케이트', '1');
INSERT INTO INGREDIENT(inci_name, ingr_name, ewg_level) VALUES('Dimethicone/Vinyl Dimethicone Crosspolymer', '다이메티콘/비닐다이메티콘크로스폴리머', '1-2');
INSERT INTO INGREDIENT(inci_name, ingr_name, ewg_level) VALUES('Disteardimonium Hectorite', '다이스테아다이모늄헥토라이트', '1');
INSERT INTO INGREDIENT(inci_name, ingr_name, ewg_level) VALUES('Aluminum Hydroxide', '알루미늄하이드록사이드', '1');
INSERT INTO INGREDIENT(inci_name, ingr_name, ewg_level) VALUES('Propanediol', '프로판다이올', '2');
INSERT INTO INGREDIENT(inci_name, ingr_name, ewg_level) VALUES('Trihydroxystearin', '트라이하이드록시스테아린', '1');
INSERT INTO INGREDIENT(inci_name, ingr_name, ewg_level) VALUES('Panthenol', '판테놀', '1');
INSERT INTO INGREDIENT(inci_name, ingr_name, ewg_level) VALUES('Camellia Sinensis Seed Extract', '녹차씨추출물', '1');
INSERT INTO INGREDIENT(inci_name, ingr_name, ewg_level) VALUES('Centella Asiatica Flower/Leaf/Stem Extract', '병풀꽃/잎/줄기추출물', '1');
INSERT INTO INGREDIENT(inci_name, ingr_name, ewg_level) VALUES('Pentaerythrityl Tetraethylhexanoate', '펜타에리스리틸테트라에틸헥사노에이트', '1');
INSERT INTO INGREDIENT(inci_name, ingr_name, ewg_level) VALUES('Ethylhexyl Stearate', '에틸헥실스테아레이트', '1');
INSERT INTO INGREDIENT(inci_name, ingr_name, ewg_level) VALUES('Centella Asiatica Extract', '병풀추출물', '1');
INSERT INTO INGREDIENT(inci_name, ingr_name, ewg_level) VALUES('Centella Asiatica Leaf Extract', '병풀잎추출물', '1');
INSERT INTO INGREDIENT(inci_name, ingr_name, ewg_level) VALUES('Madecassoside', '마데카소사이드', '1');
INSERT INTO INGREDIENT(inci_name, ingr_name, ewg_level) VALUES('Beta-Sitosterol', '베타-시토스테롤', '1');
INSERT INTO INGREDIENT(inci_name, ingr_name, ewg_level) VALUES('Asiaticoside', '아시아티코사이드', '1');
INSERT INTO INGREDIENT(inci_name, ingr_name, ewg_level) VALUES('Acetyl Hexapeptide-8', '아세틸헥사펩타이드-8', '1-2');
INSERT INTO INGREDIENT(inci_name, ingr_name, ewg_level) VALUES('Ascorbic Acid Polypeptide', '아스코빅애씨드폴리펩타이드', '1');
INSERT INTO INGREDIENT(inci_name, ingr_name, ewg_level) VALUES('Acetyl Octapeptide-3', '아세틸옥타펩타이드-3', '1');
INSERT INTO INGREDIENT(inci_name, ingr_name, ewg_level) VALUES('Acetyl Tetrapeptide-2', '아세틸테트라펩타이드-2', '1');
INSERT INTO INGREDIENT(inci_name, ingr_name, ewg_level) VALUES('Acetyl Tetrapeptide-3', '아세틸테트라펩타이드-3', '1');
INSERT INTO INGREDIENT(inci_name, ingr_name, ewg_level) VALUES('Acetyl Tetrapeptide-5', '아세틸테트라펩타이드-5', '1');
INSERT INTO INGREDIENT(inci_name, ingr_name, ewg_level) VALUES('Acetyl Tetrapeptide-9', '아세틸테트라펩타이드-9', '1');
INSERT INTO INGREDIENT(inci_name, ingr_name, ewg_level) VALUES('Carnosine', '카르노신', '1');
INSERT INTO INGREDIENT(inci_name, ingr_name, ewg_level) VALUES('Copper Tripeptide-1', '카퍼트라이펩타이드-1', '1');
INSERT INTO INGREDIENT(inci_name, ingr_name, ewg_level) VALUES('Nonapeptide-1', '노나펩타이드-1', '1');
INSERT INTO INGREDIENT(inci_name, ingr_name, ewg_level) VALUES('Palmitoyl Pentapeptide-4', '팔미토일펜타펩타이드-4', '1');
INSERT INTO INGREDIENT(inci_name, ingr_name, ewg_level) VALUES('Palmitoyl Tripeptide-1', '팔미토일트라이펩타이드-1', '1');
INSERT INTO INGREDIENT(inci_name, ingr_name, ewg_level) VALUES('Palmitoyl Tripeptide-5', '팔미토일트라이펩타이드-5', '1');
INSERT INTO INGREDIENT(inci_name, ingr_name, ewg_level) VALUES('Candida Bombicola/Glucose/Methyl Rapeseedate Ferment', '칸디다 봄비콜라/글루코오스/메틸레이프씨데이트발효물', '1');
INSERT INTO INGREDIENT(inci_name, ingr_name, ewg_level) VALUES('Helianthus Annuus (Sunflower) Seed Oil', '해바라기씨오일', '1');
INSERT INTO INGREDIENT(inci_name, ingr_name, ewg_level) VALUES('Methyl Methacrylate Crosspolymer', '메틸메타크릴레이트크로스폴리머', '1-2');
INSERT INTO INGREDIENT(inci_name, ingr_name, ewg_level) VALUES('Pentylene Glycol', '펜틸렌글라이콜', '1');
INSERT INTO INGREDIENT(inci_name, ingr_name, ewg_level) VALUES('Triethylhexanoin', '트라이에틸헥사노인', '1');
INSERT INTO INGREDIENT(inci_name, ingr_name, ewg_level) VALUES('Dicaprylyl Carbonate', '다이카프릴릴카보네이트', '1');
INSERT INTO INGREDIENT(inci_name, ingr_name, ewg_level) VALUES('Sodium Polyacryloyldimethyl Taurate', '소듐폴리아크릴로일다이메틸타우레이트', '1');
INSERT INTO INGREDIENT(inci_name, ingr_name, ewg_level) VALUES('Acrylates/C10-30 Alkyl Acrylate Crosspolymer', '아크릴레이트/C10-30알킬아크릴레이트크로스폴리머', '1-2');
INSERT INTO INGREDIENT(inci_name, ingr_name, ewg_level) VALUES('C12-20 Alkyl Glucoside', 'C12-20알킬글루코사이드', '1-2');
INSERT INTO INGREDIENT(inci_name, ingr_name, ewg_level) VALUES('Dipotassium Glycyrrhizate', '다이포타슘글리시리제이트', '1');
INSERT INTO INGREDIENT(inci_name, ingr_name, ewg_level) VALUES('Allantoin', '알란토인', '1');
INSERT INTO INGREDIENT(inci_name, ingr_name, ewg_level) VALUES('Glyceryl Acrylate/Acrylic Acid Copolymer', '글리세릴아크릴레이트/아크릴릭애씨드코폴리머', '1');
INSERT INTO INGREDIENT(inci_name, ingr_name, ewg_level) VALUES('Sodium Phytate', '소듐파이테이트', '1');
INSERT INTO INGREDIENT(inci_name, ingr_name, ewg_level) VALUES('Dipropylene Glycol', '다이프로필렌글라이콜', '1-3');
INSERT INTO INGREDIENT(inci_name, ingr_name, ewg_level) VALUES('Lecithin', '레시틴', '2-4');
INSERT INTO INGREDIENT(inci_name, ingr_name, ewg_level) VALUES('Escin', '에스신', '1');
INSERT INTO INGREDIENT(inci_name, ingr_name, ewg_level) VALUES('Citric Acid', '시트릭애씨드', '1-2');
INSERT INTO INGREDIENT(inci_name, ingr_name, ewg_level) VALUES('C14-22 Alcohols', 'C14-22알코올', '1');
INSERT INTO INGREDIENT(inci_name, ingr_name, ewg_level) VALUES('Cetearyl Alcohol', '세테아릴알코올', '1');
INSERT INTO INGREDIENT(inci_name, ingr_name, ewg_level) VALUES('C12-16 Alcohols', 'C12-16알코올', '1');
INSERT INTO INGREDIENT(inci_name, ingr_name, ewg_level) VALUES('Arachidyl Alcohol', '아라키딜알코올', '1');
INSERT INTO INGREDIENT(inci_name, ingr_name, ewg_level) VALUES('Cetyl Ethylhexanoate', '세틸에틸헥사노에이트', '1');
INSERT INTO INGREDIENT(inci_name, ingr_name, ewg_level) VALUES('Centella Asiatica Leaf Vesicles', '병풀잎소포', '1');
INSERT INTO INGREDIENT(inci_name, ingr_name, ewg_level) VALUES('Macadamia Ternifolia Seed Oil', '마카다미아씨오일', '1');
INSERT INTO INGREDIENT(inci_name, ingr_name, ewg_level) VALUES('Sodium Hyaluronate', '소듐하이알루로네이트', '1');
INSERT INTO INGREDIENT(inci_name, ingr_name, ewg_level) VALUES('Vinyl Dimethicone', '비닐다이메티콘', '1-2');
INSERT INTO INGREDIENT(inci_name, ingr_name, ewg_level) VALUES('Arachidyl Glucoside', '아라키딜글루코사이드', '2-3');
INSERT INTO INGREDIENT(inci_name, ingr_name, ewg_level) VALUES('Polyacrylate Crosspolymer-6', '폴리아크릴레이트크로스폴리머-6', '1');
INSERT INTO INGREDIENT(inci_name, ingr_name, ewg_level) VALUES('Aminomethyl Propanediol', '아미노메틸프로판다이올', '1');
INSERT INTO INGREDIENT(inci_name, ingr_name, ewg_level) VALUES('Polyacrylate-13', '폴리아크릴레이트-13', '1-3');
INSERT INTO INGREDIENT(inci_name, ingr_name, ewg_level) VALUES('Polyglyceryl-10 Laurate', '폴리글리세릴-10라우레이트', '1');
INSERT INTO INGREDIENT(inci_name, ingr_name, ewg_level) VALUES('Ammonium Acryloyldimethyltaurate/VP Copolymer', '암모늄아크릴로일다이메틸타우레이트/브이피코폴리머', '1');
INSERT INTO INGREDIENT(inci_name, ingr_name, ewg_level) VALUES('Ethylhexyl Palmitate', '에틸헥실팔미테이트', '1');
INSERT INTO INGREDIENT(inci_name, ingr_name, ewg_level) VALUES('Trehalose', '트레할로오스', '1');
INSERT INTO INGREDIENT(inci_name, ingr_name, ewg_level) VALUES('Octyldodecanol', '옥틸도데칸올', '1');
INSERT INTO INGREDIENT(inci_name, ingr_name, ewg_level) VALUES('Phosphatidylcholine', '포스파티딜콜린', '1');
INSERT INTO INGREDIENT(inci_name, ingr_name, ewg_level) VALUES('Asiatic Acid', '아시아틱애씨드', '1');
INSERT INTO INGREDIENT(inci_name, ingr_name, ewg_level) VALUES('Glycolipids', '글라이코리피드', '1');
INSERT INTO INGREDIENT(inci_name, ingr_name, ewg_level) VALUES('Madecassic Acid', '마데카식애씨드', '1');
INSERT INTO INGREDIENT(inci_name, ingr_name, ewg_level) VALUES('Disodium Phosphate', '다이소듐포스페이트', '1');
INSERT INTO INGREDIENT(inci_name, ingr_name, ewg_level) VALUES('Caprylyl Glycol', '카프릴릴글라이콜', '1');
INSERT INTO INGREDIENT(inci_name, ingr_name, ewg_level) VALUES('Sodium Hyaluronate Crosspolymer', '소듐하이알루로네이트크로스폴리머', '1');
INSERT INTO INGREDIENT(inci_name, ingr_name, ewg_level) VALUES('Potassium Phosphate', '포타슘포스페이트', '1');
INSERT INTO INGREDIENT(inci_name, ingr_name, ewg_level) VALUES('Tripeptide-10 Citrulline', '트라이펩타이드-10시트룰린', '1');
INSERT INTO INGREDIENT(inci_name, ingr_name, ewg_level) VALUES('Potassium Chloride', '포타슘클로라이드', '1');
INSERT INTO INGREDIENT(inci_name, ingr_name, ewg_level) VALUES('Sorbitol', '솔비톨', '1');
INSERT INTO INGREDIENT(inci_name, ingr_name, ewg_level) VALUES('Cyclopentasiloxane', '사이클로펜타실록세인', '4');
INSERT INTO INGREDIENT(inci_name, ingr_name, ewg_level) VALUES('Phenyl Trimethicone', '페닐트라이메티콘', '1');
INSERT INTO INGREDIENT(inci_name, ingr_name, ewg_level) VALUES('Synthetic Fluorphlogopite', '합성플루오르플로고파이트', '1');
INSERT INTO INGREDIENT(inci_name, ingr_name, ewg_level) VALUES('Cetyl PEG/PPG-10/1 Dimethicone', '세틸피이지/피피지-10/1다이메티콘', '1-2');
INSERT INTO INGREDIENT(inci_name, ingr_name, ewg_level) VALUES('Isododecane', '아이소도데케인', '1');
INSERT INTO INGREDIENT(inci_name, ingr_name, ewg_level) VALUES('Hedera Helix (Ivy) Extract', '서양송악추출물', '1');
INSERT INTO INGREDIENT(inci_name, ingr_name, ewg_level) VALUES('Magnesium Sulfate', '마그네슘설페이트', '1');
INSERT INTO INGREDIENT(inci_name, ingr_name, ewg_level) VALUES('Acrylates/Dimethicone Copolymer', '아크릴레이트/다이메티콘코폴리머', '1-2');
INSERT INTO INGREDIENT(inci_name, ingr_name, ewg_level) VALUES('Polyhydroxystearic Acid', '폴리하이드록시스테아릭애씨드', '1');
INSERT INTO INGREDIENT(inci_name, ingr_name, ewg_level) VALUES('Dimethicone Crosspolymer', '다이메티콘크로스폴리머', '1-2');
INSERT INTO INGREDIENT(inci_name, ingr_name, ewg_level) VALUES('Adenosine', '아데노신', '1');
INSERT INTO INGREDIENT(inci_name, ingr_name, ewg_level) VALUES('Trisodium Ethylenediamine Disuccinate', '트라이소듐에틸렌다이아민다이석시네이트', '1');
INSERT INTO INGREDIENT(inci_name, ingr_name, ewg_level) VALUES('Hydroxypropyltrimonium Hyaluronate', '하이드록시프로필트라이모늄하이알루로네이트', '1');
INSERT INTO INGREDIENT(inci_name, ingr_name, ewg_level) VALUES('Calcium Chloride', '칼슘클로라이드', '1');
INSERT INTO INGREDIENT(inci_name, ingr_name, ewg_level) VALUES('Acrylates/Polytrimethylsiloxymethacrylate Copolymer', '아크릴레이트/폴리트라이메틸실록시메타크릴레이트코폴리머', '1');
INSERT INTO INGREDIENT(inci_name, ingr_name, ewg_level) VALUES('Pentaerythrityl Tetra-di-t-butyl Hydroxyhydrocinnamate', '펜타에리스리틸테트라-다이-t-부틸하이드록시하이드로신나메이트', '2');
INSERT INTO INGREDIENT(inci_name, ingr_name, ewg_level) VALUES('Methylpropanediol', '메틸프로판다이올', '1');
INSERT INTO INGREDIENT(inci_name, ingr_name, ewg_level) VALUES('Sodium Acrylic Acid/MA Copolymer', '소듐아크릴릭애씨드/엠에이코폴리머', '1');
INSERT INTO INGREDIENT(inci_name, ingr_name, ewg_level) VALUES('Dioscorea Japonica Root Extract', '참마뿌리추출물', '1');
INSERT INTO INGREDIENT(inci_name, ingr_name, ewg_level) VALUES('Xanthan Gum', '잔탄검', '1');
INSERT INTO INGREDIENT(inci_name, ingr_name, ewg_level) VALUES('Sodium Citrate', '소듐시트레이트', '1');
INSERT INTO INGREDIENT(inci_name, ingr_name, ewg_level) VALUES('Glycosyl Trehalose', '글라이코실트레할로오스', '1');
INSERT INTO INGREDIENT(inci_name, ingr_name, ewg_level) VALUES('Hydrogenated Starch Hydrolysate', '하이드로제네이티드스타치하이드롤리세이트', '1');
INSERT INTO INGREDIENT(inci_name, ingr_name, ewg_level) VALUES('Raffinose', '라피노오스', '1');
INSERT INTO INGREDIENT(inci_name, ingr_name, ewg_level) VALUES('Saccharide Isomerate', '사카라이드아이소머레이트', '1');
INSERT INTO INGREDIENT(inci_name, ingr_name, ewg_level) VALUES('Polyquaternium-51', '폴리쿼터늄-51', '1');
INSERT INTO INGREDIENT(inci_name, ingr_name, ewg_level) VALUES('Malachite Extract', '말라카이트추출물', '1');
INSERT INTO INGREDIENT(inci_name, ingr_name, ewg_level) VALUES('Arginine', '알지닌', '1');
INSERT INTO INGREDIENT(inci_name, ingr_name, ewg_level) VALUES('Sodium DNA', '소듐디엔에이', '1');
INSERT INTO INGREDIENT(inci_name, ingr_name, ewg_level) VALUES('Alpinia Galanga Extract', '갈랑가갈랑갈추출물', '1');
INSERT INTO INGREDIENT(inci_name, ingr_name, ewg_level) VALUES('Biosaccharide Gum-1', '바이오사카라이드검-1', '1');
INSERT INTO INGREDIENT(inci_name, ingr_name, ewg_level) VALUES('Cyanocobalamin', '사이아노코발아민', '1');
INSERT INTO INGREDIENT(inci_name, ingr_name, ewg_level) VALUES('Hydrolyzed Hyaluronic Acid', '하이드롤라이즈드하이알루로닉애씨드', '1');
INSERT INTO INGREDIENT(inci_name, ingr_name, ewg_level) VALUES('Hydrolyzed Sodium Hyaluronate', '하이드롤라이즈드소듐하이알루로네이트', '1');
INSERT INTO INGREDIENT(inci_name, ingr_name, ewg_level) VALUES('Sucrose Laurate', '수크로오스라우레이트', '1');
INSERT INTO INGREDIENT(inci_name, ingr_name, ewg_level) VALUES('Sodium Stearoyl Glutamate', '소듐스테아로일글루타메이트', '1');
INSERT INTO INGREDIENT(inci_name, ingr_name, ewg_level) VALUES('Glycine', '글라이신', '1');
INSERT INTO INGREDIENT(inci_name, ingr_name, ewg_level) VALUES('Serine', '세린', '1');
INSERT INTO INGREDIENT(inci_name, ingr_name, ewg_level) VALUES('Histidine', '히스티딘', '1');
INSERT INTO INGREDIENT(inci_name, ingr_name, ewg_level) VALUES('Glycine Soja (Soybean) Seed Extract', '돌콩추출물', '1');
INSERT INTO INGREDIENT(inci_name, ingr_name, ewg_level) VALUES('Lysolecithin', '라이소레시틴', '1');
INSERT INTO INGREDIENT(inci_name, ingr_name, ewg_level) VALUES('Phloretin', '플로레틴', '1');
INSERT INTO INGREDIENT(inci_name, ingr_name, ewg_level) VALUES('Tetrahydropiperine', '테트라하이드로피페린', '1');
INSERT INTO INGREDIENT(inci_name, ingr_name, ewg_level) VALUES('Dimethyl Isosorbide', '다이메틸아이소소바이드', '1');
INSERT INTO INGREDIENT(inci_name, ingr_name, ewg_level) VALUES('Benzyl Glycol', '벤질글라이콜', '1');
INSERT INTO INGREDIENT(inci_name, ingr_name, ewg_level) VALUES('Hydrolyzed Glycosaminoglycans', '하이드롤라이즈드글라이코사미노글리칸', '1');
INSERT INTO INGREDIENT(inci_name, ingr_name, ewg_level) VALUES('Oleyl Alcohol', '올레일알코올', '1');
INSERT INTO INGREDIENT(inci_name, ingr_name, ewg_level) VALUES('Beta-Glucan', '베타-글루칸', '1');
INSERT INTO INGREDIENT(inci_name, ingr_name, ewg_level) VALUES('Hyaluronic Acid', '하이알루로닉애씨드', '1');
INSERT INTO INGREDIENT(inci_name, ingr_name, ewg_level) VALUES('Sodium Acetylated Hyaluronate', '소듐아세틸레이티드하이알루로네이트', '1');
INSERT INTO INGREDIENT(inci_name, ingr_name, ewg_level) VALUES('Alcohol Denat.', '변성알코올', '1');
INSERT INTO INGREDIENT(inci_name, ingr_name, ewg_level) VALUES('Polysorbate 60', '폴리솔베이트60', '1-2');
INSERT INTO INGREDIENT(inci_name, ingr_name, ewg_level) VALUES('Trimethylsiloxyphenyl Dimethicone', '트라이메틸실록시페닐다이메티콘', '1-2');
INSERT INTO INGREDIENT(inci_name, ingr_name, ewg_level) VALUES('Ethylcellulose', '에틸셀룰로오스', '1');
INSERT INTO INGREDIENT(inci_name, ingr_name, ewg_level) VALUES('Phytosteryl Isostearyl Dimer Dilinoleate', '피토스테릴이소스테아릴다이머디리놀리에이트', '1');
INSERT INTO INGREDIENT(inci_name, ingr_name, ewg_level) VALUES('Acrylates Copolymer', '아크릴레이트코폴리머', '1-2');
INSERT INTO INGREDIENT(inci_name, ingr_name, ewg_level) VALUES('Sorbitan Stearate', '솔비탄스테아레이트', '1');
INSERT INTO INGREDIENT(inci_name, ingr_name, ewg_level) VALUES('Isohexadecane', '아이소헥사데칸', '1');
INSERT INTO INGREDIENT(inci_name, ingr_name, ewg_level) VALUES('PEG-100 Stearate', '피이지-100스테아레이트', '1-2');
INSERT INTO INGREDIENT(inci_name, ingr_name, ewg_level) VALUES('Polysorbate 80', '폴리솔베이트80', '1-2');
INSERT INTO INGREDIENT(inci_name, ingr_name, ewg_level) VALUES('Sorbitan Oleate', '솔비탄올리에이트', '1');
INSERT INTO INGREDIENT(inci_name, ingr_name, ewg_level) VALUES('Polyglyceryl-2 Diisostearate', '폴리글리세릴-2다이아이소스테아레이트', '1');
INSERT INTO INGREDIENT(inci_name, ingr_name, ewg_level) VALUES('Benzyl Alcohol', '벤질알코올', '4');
INSERT INTO INGREDIENT(inci_name, ingr_name, ewg_level) VALUES('Mangifera Indica (Mango) Seed Butter', '망고씨버터', '1');
INSERT INTO INGREDIENT(inci_name, ingr_name, ewg_level) VALUES('Prunus Domestica Seed Extract', '서양자두씨추출물', '1');
INSERT INTO INGREDIENT(inci_name, ingr_name, ewg_level) VALUES('Dimethylsilanol Hyaluronate', '다이메틸실란올하이알루로네이트', '1');
INSERT INTO INGREDIENT(inci_name, ingr_name, ewg_level) VALUES('Potassium Hyaluronate', '포타슘하이알루로네이트', '1');
INSERT INTO INGREDIENT(inci_name, ingr_name, ewg_level) VALUES('Sodium Hyaluronate Dimethylsilanol', '소듐하이알루로네이트다이메틸실란올', '1');
INSERT INTO INGREDIENT(inci_name, ingr_name, ewg_level) VALUES('Sodium Acrylate/Sodium Acryloyldimethyl Taurate Copolymer', '소듐아크릴레이트/소듐아크릴로일다이메틸타우레이트코폴리머', '1');
INSERT INTO INGREDIENT(inci_name, ingr_name, ewg_level) VALUES('CI 19140', '황색4호', '4-5');
INSERT INTO INGREDIENT(inci_name, ingr_name, ewg_level) VALUES('Raspberry Seed Oil/Tocopheryl Succinate Aminopropanediol Esters', '라즈베리씨오일/토코페릴석시네이트아미노프로판다이올에스터', '');
INSERT INTO INGREDIENT(inci_name, ingr_name, ewg_level) VALUES('CI 17200', '적색227호', '5');
INSERT INTO INGREDIENT(inci_name, ingr_name, ewg_level) VALUES('CI 45410', '적색104호의(1)', '5');
INSERT INTO INGREDIENT(inci_name, ingr_name, ewg_level) VALUES('Portulaca Oleracea Extract', '쇠비름추출물', '1');
INSERT INTO INGREDIENT(inci_name, ingr_name, ewg_level) VALUES('Hamamelis Virginiana (Witch Hazel) Extract', '버지니아풍년화추출물', '1');
INSERT INTO INGREDIENT(inci_name, ingr_name, ewg_level) VALUES('PVM/MA Copolymer', '피브이엠/엠에이코폴리머', '1');
INSERT INTO INGREDIENT(inci_name, ingr_name, ewg_level) VALUES('Scutellaria Baicalensis Root Extract', '황금추출물', '1');
INSERT INTO INGREDIENT(inci_name, ingr_name, ewg_level) VALUES('Paeonia Suffruticosa Root Extract', '모란뿌리추출물', '1');
INSERT INTO INGREDIENT(inci_name, ingr_name, ewg_level) VALUES('Houttuynia Cordata Flower/Leaf/Stem Water', '약모밀꽃/잎/줄기수', '');
INSERT INTO INGREDIENT(inci_name, ingr_name, ewg_level) VALUES('Isopentyldiol', '아이소펜틸다이올', '1');
INSERT INTO INGREDIENT(inci_name, ingr_name, ewg_level) VALUES('Arctium Lappa Root Extract', '우엉뿌리추출물', '1');
INSERT INTO INGREDIENT(inci_name, ingr_name, ewg_level) VALUES('Phellinus Linteus Extract', '진흙버섯추출물', '1');
INSERT INTO INGREDIENT(inci_name, ingr_name, ewg_level) VALUES('Chamomilla Recutita (Matricaria) Flower Extract', '마트리카리아꽃추출물', '2');
INSERT INTO INGREDIENT(inci_name, ingr_name, ewg_level) VALUES('Vitex Agnus-Castus Extract', '체이스트트리추출물', '1');
INSERT INTO INGREDIENT(inci_name, ingr_name, ewg_level) VALUES('Cetearyl Dimethicone Crosspolymer', '세테아릴다이메티콘크로스폴리머', '1-2');
INSERT INTO INGREDIENT(inci_name, ingr_name, ewg_level) VALUES('VP/Hexadecene Copolymer', '브이피/헥사데센코폴리머', '1');
INSERT INTO INGREDIENT(inci_name, ingr_name, ewg_level) VALUES('Vinyl Dimethicone/Methicone Silsesquioxane Crosspolymer', '비닐다이메티콘/메티콘실세스퀴옥세인크로스폴리머', '1-2');
INSERT INTO INGREDIENT(inci_name, ingr_name, ewg_level) VALUES('Bis-Behenyl/Isostearyl/Phytosteryl Dimer Dilinoleyl Dimer Dilinoleate', '비스-베헤닐/아이소스테아릴/피토스테릴다이머다이리놀레일다이머다이리놀리에이트', '1');
INSERT INTO INGREDIENT(inci_name, ingr_name, ewg_level) VALUES('Methyl Trimethicone', '메틸트라이메티콘', '1-2');
INSERT INTO INGREDIENT(inci_name, ingr_name, ewg_level) VALUES('Synthetic Wax', '합성왁스', '1');
INSERT INTO INGREDIENT(inci_name, ingr_name, ewg_level) VALUES('Mica', '마이카', '1');
INSERT INTO INGREDIENT(inci_name, ingr_name, ewg_level) VALUES('Ceresin', '세레신', '1');
INSERT INTO INGREDIENT(inci_name, ingr_name, ewg_level) VALUES('Copernicia Cerifera (Carnauba) Wax', '카나우바왁스', '1');
INSERT INTO INGREDIENT(inci_name, ingr_name, ewg_level) VALUES('Methicone', '메티콘', '1');
INSERT INTO INGREDIENT(inci_name, ingr_name, ewg_level) VALUES('Acrylates/Stearyl Acrylate/Dimethicone Methacrylate Copolymer', '아크릴레이트/스테아릴아크릴레이트/다이메티콘메타크릴레이트코폴리머', '1-2');
INSERT INTO INGREDIENT(inci_name, ingr_name, ewg_level) VALUES('Ethylhexyl Methoxycinnamate', '에칠헥실메톡시신나메이트', '7');
INSERT INTO INGREDIENT(inci_name, ingr_name, ewg_level) VALUES('Cyclohexasiloxane', '사이클로헥사실록세인', '3');
INSERT INTO INGREDIENT(inci_name, ingr_name, ewg_level) VALUES('Zinc Stearate', '징크스테아레이트', '2');
INSERT INTO INGREDIENT(inci_name, ingr_name, ewg_level) VALUES('Palmitoyl Proline', '팔미토일프롤린', '1');
INSERT INTO INGREDIENT(inci_name, ingr_name, ewg_level) VALUES('Distearyldimonium Chloride', '다이스테아릴다이모늄클로라이드', '4');
INSERT INTO INGREDIENT(inci_name, ingr_name, ewg_level) VALUES('Tocopheryl Acetate', '토코페릴아세테이트', '2-3');
INSERT INTO INGREDIENT(inci_name, ingr_name, ewg_level) VALUES('Magnesium Palmitoyl Glutamate', '마그네슘팔미토일글루타메이트', '1');
INSERT INTO INGREDIENT(inci_name, ingr_name, ewg_level) VALUES('Sodium Palmitoyl Sarcosinate', '소듐팔미토일사코시네이트', '1');
INSERT INTO INGREDIENT(inci_name, ingr_name, ewg_level) VALUES('Aluminum Myristate', '알루미늄미리스테이트', '1');
INSERT INTO INGREDIENT(inci_name, ingr_name, ewg_level) VALUES('Tin Oxide', '틴옥사이드', '4');
INSERT INTO INGREDIENT(inci_name, ingr_name, ewg_level) VALUES('Alchemilla Vulgaris Leaf Extract', '레이디스맨틀잎추출물', '1');
INSERT INTO INGREDIENT(inci_name, ingr_name, ewg_level) VALUES('Equisetum Arvense Leaf Extract', '쇠뜨기잎추출물', '1');
INSERT INTO INGREDIENT(inci_name, ingr_name, ewg_level) VALUES('Stellaria Media (Chickweed) Extract', '별꽃추출물', '1');
INSERT INTO INGREDIENT(inci_name, ingr_name, ewg_level) VALUES('Urtica Dioica (Nettle) Leaf Extract', '쐐기풀잎추출물', '1');
INSERT INTO INGREDIENT(inci_name, ingr_name, ewg_level) VALUES('Benzyl Benzoate', '벤질벤조에이트', '4');
INSERT INTO INGREDIENT(inci_name, ingr_name, ewg_level) VALUES('Alpha-Isomethyl Ionone', '알파-아이소메틸아이오논', '3');
INSERT INTO INGREDIENT(inci_name, ingr_name, ewg_level) VALUES('Hexyl Cinnamal', '헥실신남알', '4');
INSERT INTO INGREDIENT(inci_name, ingr_name, ewg_level) VALUES('Hydroxycitronellal', '하이드록시시트로넬알', '3');
INSERT INTO INGREDIENT(inci_name, ingr_name, ewg_level) VALUES('Diphenyl Dimethicone/Vinyl Diphenyl Dimethicone/Silsesquioxane Crosspolymer', '다이페닐다이메티콘/비닐다이페닐다이메티콘/실세스퀴옥세인크로스폴리머', '1-2');
INSERT INTO INGREDIENT(inci_name, ingr_name, ewg_level) VALUES('Magnesium/Potassium/Silicon/Fluoride/Hydroxide/Oxide', '마그네슘/포타슘/실리콘/플루오라이드/하이드록사이드/옥사이드', '3');
INSERT INTO INGREDIENT(inci_name, ingr_name, ewg_level) VALUES('Triethoxysilylethyl Polydimethylsiloxyethyl Hexyl Dimethicone', '트라이에톡시실릴에틸폴리다이메틸실록시에틸헥실다이메티콘', '1-2');
INSERT INTO INGREDIENT(inci_name, ingr_name, ewg_level) VALUES('Dimer Dilinoleyl Diisostearate', '다이머다일리놀레일다이아이소스테아레이트', '1');
INSERT INTO INGREDIENT(inci_name, ingr_name, ewg_level) VALUES('Bis-Diglyceryl Polyacyladipate-2', '비스-다이글리세릴폴리아실아디페이트-2', '1');
INSERT INTO INGREDIENT(inci_name, ingr_name, ewg_level) VALUES('Ceteareth-20', '세테아레스-20', '1-2');
INSERT INTO INGREDIENT(inci_name, ingr_name, ewg_level) VALUES('Polyisobutene', '폴리아이소부텐', '1');
INSERT INTO INGREDIENT(inci_name, ingr_name, ewg_level) VALUES('Dehydroacetic Acid', '데하이드로아세틱애씨드', '1');
INSERT INTO INGREDIENT(inci_name, ingr_name, ewg_level) VALUES('Stevia Rebaudiana Extract', '스테비아추출물', '1');
INSERT INTO INGREDIENT(inci_name, ingr_name, ewg_level) VALUES('Phytic Acid', '파이틱애씨드', '2');
INSERT INTO INGREDIENT(inci_name, ingr_name, ewg_level) VALUES('Polysorbate 20', '폴리솔베이트20', '1-2');
INSERT INTO INGREDIENT(inci_name, ingr_name, ewg_level) VALUES('Methyl Hydrogenated Rosinate', '메틸하이드로제네이티드로지네이트', '2');
INSERT INTO INGREDIENT(inci_name, ingr_name, ewg_level) VALUES('Prunus Armeniaca (Apricot) Juice', '살구즙', '1');
INSERT INTO INGREDIENT(inci_name, ingr_name, ewg_level) VALUES('Fragaria Chiloensis (Strawberry) Fruit Juice', '비치스트로베리즙', '1');
INSERT INTO INGREDIENT(inci_name, ingr_name, ewg_level) VALUES('Citrus Aurantifolia (Lime) Juice', '라임즙', '1');
INSERT INTO INGREDIENT(inci_name, ingr_name, ewg_level) VALUES('Rubus Idaeus (Raspberry) Juice', '라즈베리즙', '1');
INSERT INTO INGREDIENT(inci_name, ingr_name, ewg_level) VALUES('Mangifera Indica (Mango) Juice', '망고즙', '1');
INSERT INTO INGREDIENT(inci_name, ingr_name, ewg_level) VALUES('Citrus Aurantium Dulcis (Orange) Juice', '오렌지즙', '1');
INSERT INTO INGREDIENT(inci_name, ingr_name, ewg_level) VALUES('Actinidia Chinensis (Kiwi) Fruit Juice', '키위즙', '1');
INSERT INTO INGREDIENT(inci_name, ingr_name, ewg_level) VALUES('Carica Papaya (Papaya) Fruit Juice', '파파야열매즙', '1');
INSERT INTO INGREDIENT(inci_name, ingr_name, ewg_level) VALUES('Citrus Paradisi (Grapefruit) Juice', '자몽즙', '1');
INSERT INTO INGREDIENT(inci_name, ingr_name, ewg_level) VALUES('Citrus Limon (Lemon) Juice', '레몬즙', '4');
INSERT INTO INGREDIENT(inci_name, ingr_name, ewg_level) VALUES('Phytosteryl/Isostearyl/Cetyl/Stearyl/Behenyl Dimer Dilinoleate', '피토스테릴/이소스테아릴/세틸/스테아릴/베헤닐다이머디리놀리에이트', '1');
INSERT INTO INGREDIENT(inci_name, ingr_name, ewg_level) VALUES('Melaleuca Alternifolia (Tea Tree) Leaf Extract', '티트리잎추출물', '1');
INSERT INTO INGREDIENT(inci_name, ingr_name, ewg_level) VALUES('Salix Alba (Willow) Bark Extract', '흰버드나무껍질추출물', '1');
INSERT INTO INGREDIENT(inci_name, ingr_name, ewg_level) VALUES('Origanum Vulgare Leaf Extract', '오레가노잎추출물', '1');
INSERT INTO INGREDIENT(inci_name, ingr_name, ewg_level) VALUES('Chamaecyparis Obtusa Leaf Extract', '편백잎추출물', '1');
INSERT INTO INGREDIENT(inci_name, ingr_name, ewg_level) VALUES('Lactobacillus/Soybean Ferment Extract', '락토바실러스/콩발효추출물', '1');
INSERT INTO INGREDIENT(inci_name, ingr_name, ewg_level) VALUES('Cinnamomum Cassia Bark Extract', '육계나무껍질추출물', '3');
INSERT INTO INGREDIENT(inci_name, ingr_name, ewg_level) VALUES('Sorbitan Sesquioleate', '솔비탄세스퀴올리에이트', '1');
INSERT INTO INGREDIENT(inci_name, ingr_name, ewg_level) VALUES('Citrus Paradisi (Grapefruit) Peel Oil', '자몽껍질오일', '4-6');
INSERT INTO INGREDIENT(inci_name, ingr_name, ewg_level) VALUES('Calendula Officinalis Flower Extract', '포트마리골드꽃추출물', '1');
INSERT INTO INGREDIENT(inci_name, ingr_name, ewg_level) VALUES('Glycyrrhiza Glabra (Licorice) Root Extract', '스페인감초뿌리추출물', '5');
INSERT INTO INGREDIENT(inci_name, ingr_name, ewg_level) VALUES('Houttuynia Cordata Extract', '약모밀추출물', '1');
INSERT INTO INGREDIENT(inci_name, ingr_name, ewg_level) VALUES('Evernia Furfuracea (Treemoss) Extract', '나무이끼추출물', '3-4');
INSERT INTO INGREDIENT(inci_name, ingr_name, ewg_level) VALUES('Methyl 2-Octynoate', '메틸2-옥티노에이트', '3');
INSERT INTO INGREDIENT(inci_name, ingr_name, ewg_level) VALUES('Benzyl Salicylate', '벤질살리실레이트', '4');
INSERT INTO INGREDIENT(inci_name, ingr_name, ewg_level) VALUES('Benzyl Cinnamate', '벤질신나메이트', '3');
INSERT INTO INGREDIENT(inci_name, ingr_name, ewg_level) VALUES('Butylphenyl Methylpropional', '부틸페닐메틸프로피오날', '8');
INSERT INTO INGREDIENT(inci_name, ingr_name, ewg_level) VALUES('Cinnamyl Alcohol', '신나밀알코올', '3');
INSERT INTO INGREDIENT(inci_name, ingr_name, ewg_level) VALUES('Cinnamal', '신남알', '3');
INSERT INTO INGREDIENT(inci_name, ingr_name, ewg_level) VALUES('Anise Alcohol', '아니스알코올', '3');
INSERT INTO INGREDIENT(inci_name, ingr_name, ewg_level) VALUES('Amylcinnamyl Alcohol', '아밀신나밀알코올', '3');
INSERT INTO INGREDIENT(inci_name, ingr_name, ewg_level) VALUES('Amyl Cinnamal', '아밀신남알', '');
INSERT INTO INGREDIENT(inci_name, ingr_name, ewg_level) VALUES('Isoeugenol', '아이솔유제놀', '6');
INSERT INTO INGREDIENT(inci_name, ingr_name, ewg_level) VALUES('Eugenol', '유제놀', '3');
INSERT INTO INGREDIENT(inci_name, ingr_name, ewg_level) VALUES('Evernia Prunastri (Oakmoss) Extract', '참나무이끼추출물', '3');
INSERT INTO INGREDIENT(inci_name, ingr_name, ewg_level) VALUES('Coumarin', '쿠마린', '4');
INSERT INTO INGREDIENT(inci_name, ingr_name, ewg_level) VALUES('Farnesol', '파네솔', '3');
INSERT INTO INGREDIENT(inci_name, ingr_name, ewg_level) VALUES('Paraffin', '파라핀', '1');
INSERT INTO INGREDIENT(inci_name, ingr_name, ewg_level) VALUES('Microcrystalline Wax', '마이크로크리스탈린왁스', '1');
INSERT INTO INGREDIENT(inci_name, ingr_name, ewg_level) VALUES('Ethylene/Propylene Copolymer', '에틸렌/프로필렌코폴리머', '1');
INSERT INTO INGREDIENT(inci_name, ingr_name, ewg_level) VALUES('Camellia Japonica Seed Oil', '동백나무씨오일', '1');
INSERT INTO INGREDIENT(inci_name, ingr_name, ewg_level) VALUES('Cocos Nucifera (Coconut) Oil', '코코넛야자오일', '1');
INSERT INTO INGREDIENT(inci_name, ingr_name, ewg_level) VALUES('Dicaprylyl Ether', '다이카프릴릴에터', '1');
INSERT INTO INGREDIENT(inci_name, ingr_name, ewg_level) VALUES('Polyglyceryl-6 Distearate', '폴리글리세릴-6다이스테아레이트', '1');
INSERT INTO INGREDIENT(inci_name, ingr_name, ewg_level) VALUES('Cetyl Esters', '세틸에스터', '1');
INSERT INTO INGREDIENT(inci_name, ingr_name, ewg_level) VALUES('Jojoba Esters', '호호바에스터', '1');
INSERT INTO INGREDIENT(inci_name, ingr_name, ewg_level) VALUES('Polymnia Sonchifolia Root Juice', '야콘뿌리즙', '1');
INSERT INTO INGREDIENT(inci_name, ingr_name, ewg_level) VALUES('Zinc Gluconate', '징크글루코네이트', '2-5');
INSERT INTO INGREDIENT(inci_name, ingr_name, ewg_level) VALUES('Cetearyl Isononanoate', '세테아릴아이소노나노에이트', '1');
INSERT INTO INGREDIENT(inci_name, ingr_name, ewg_level) VALUES('Manganese Gluconate', '망가니즈글루코네이트', '2');
INSERT INTO INGREDIENT(inci_name, ingr_name, ewg_level) VALUES('Alpha-Glucan Oligosaccharide', '알파-글루칸올리고사카라이드', '1');
INSERT INTO INGREDIENT(inci_name, ingr_name, ewg_level) VALUES('Mannose', '만노오스', '1');
INSERT INTO INGREDIENT(inci_name, ingr_name, ewg_level) VALUES('Copper Gluconate', '카퍼글루코네이트', '2');
INSERT INTO INGREDIENT(inci_name, ingr_name, ewg_level) VALUES('Hydroxyacetophenone', '하이드록시아세토페논', '1');
INSERT INTO INGREDIENT(inci_name, ingr_name, ewg_level) VALUES('Hydroxypropyl Starch Phosphate', '하이드록시프로필스타치포스페이트', '1');
INSERT INTO INGREDIENT(inci_name, ingr_name, ewg_level) VALUES('Capryloyl Salicylic Acid', '카프릴로일살리실릭애씨드', '1');
INSERT INTO INGREDIENT(inci_name, ingr_name, ewg_level) VALUES('Vitreoscilla Ferment', '비트레오스실라발효물', '1');
INSERT INTO INGREDIENT(inci_name, ingr_name, ewg_level) VALUES('Lactobacillus', '락토바실러스', '1');
INSERT INTO INGREDIENT(inci_name, ingr_name, ewg_level) VALUES('Maltodextrin', '말토덱스트린', '1');
INSERT INTO INGREDIENT(inci_name, ingr_name, ewg_level) VALUES('Polyglycerin-3', '폴리글리세린-3', '1');
INSERT INTO INGREDIENT(inci_name, ingr_name, ewg_level) VALUES('Polyglyceryl-3 Beeswax', '폴리글리세릴-3비즈왁스', '1');
INSERT INTO INGREDIENT(inci_name, ingr_name, ewg_level) VALUES('Cetyl Alcohol', '세틸알코올', '1');
INSERT INTO INGREDIENT(inci_name, ingr_name, ewg_level) VALUES('Acacia Decurrens Flower Wax', '그린와틀꽃왁스', '1');
INSERT INTO INGREDIENT(inci_name, ingr_name, ewg_level) VALUES('Helianthus Annuus (Sunflower) Seed Wax', '해바라기씨왁스', '1');
INSERT INTO INGREDIENT(inci_name, ingr_name, ewg_level) VALUES('Acrylamide/Sodium Acryloyldimethyltaurate Copolymer', '아크릴아마이드/소듐아크릴로일다이메틸타우레이트코폴리머', '1-3');
INSERT INTO INGREDIENT(inci_name, ingr_name, ewg_level) VALUES('Sodium Cocoyl Glycinate', '소듐코코일글라이시네이트', '1');
INSERT INTO INGREDIENT(inci_name, ingr_name, ewg_level) VALUES('Sodium Lauroyl Glutamate', '소듐라우로일글루타메이트', '1');
INSERT INTO INGREDIENT(inci_name, ingr_name, ewg_level) VALUES('Disodium Cocoamphodiacetate', '다이소듐코코암포다이아세테이트', '1');
INSERT INTO INGREDIENT(inci_name, ingr_name, ewg_level) VALUES('Cucurbita Pepo (Pumpkin) Fruit Extract', '당호박추출물', '1');
INSERT INTO INGREDIENT(inci_name, ingr_name, ewg_level) VALUES('Vigna Angularis Seed Extract', '팥추출물', '');
INSERT INTO INGREDIENT(inci_name, ingr_name, ewg_level) VALUES('Lauryl Betaine', '라우릴베타인', '1');
INSERT INTO INGREDIENT(inci_name, ingr_name, ewg_level) VALUES('Oryza Sativa (Rice) Powder', '쌀가루', '1-2');
INSERT INTO INGREDIENT(inci_name, ingr_name, ewg_level) VALUES('Polyquaternium-22', '폴리쿼터늄-22', '1');
INSERT INTO INGREDIENT(inci_name, ingr_name, ewg_level) VALUES('Hexylene Glycol', '헥실렌글라이콜', '1');
INSERT INTO INGREDIENT(inci_name, ingr_name, ewg_level) VALUES('Zinc Myristate', '징크미리스테이트', '2');
INSERT INTO INGREDIENT(inci_name, ingr_name, ewg_level) VALUES('Boron Nitride', '보론나이트라이드', '1');
INSERT INTO INGREDIENT(inci_name, ingr_name, ewg_level) VALUES('Aluminum Starch Octenylsuccinate', '알루미늄전분옥테닐석시네이트', '1-3');
INSERT INTO INGREDIENT(inci_name, ingr_name, ewg_level) VALUES('Isopropyl Titanium Triisostearate', '아이소프로필티타늄트라이아이소스테아레이트', '1');
INSERT INTO INGREDIENT(inci_name, ingr_name, ewg_level) VALUES('Myristic Acid', '미리스틱애씨드', '1');
INSERT INTO INGREDIENT(inci_name, ingr_name, ewg_level) VALUES('Houttuynia Cordata Powder', '약모밀가루', '1');
INSERT INTO INGREDIENT(inci_name, ingr_name, ewg_level) VALUES('Ultramarines', '울트라마린', '1-3');
INSERT INTO INGREDIENT(inci_name, ingr_name, ewg_level) VALUES('CI 73360', '적색226호', '4');
INSERT INTO INGREDIENT(inci_name, ingr_name, ewg_level) VALUES('Hydrogenated Poly(C6-14 Olefin)', '하이드로제네이티드폴리(C6-14올레핀)', '1');
INSERT INTO INGREDIENT(inci_name, ingr_name, ewg_level) VALUES('Acrylates/Ethylhexyl Acrylate Copolymer', '아크릴레이트/에틸헥실아크릴레이트코폴리머', '1-2');
INSERT INTO INGREDIENT(inci_name, ingr_name, ewg_level) VALUES('Propylene Glycol', '프로필렌글라이콜', '3');
INSERT INTO INGREDIENT(inci_name, ingr_name, ewg_level) VALUES('Ammonium Styrene/Acrylates Copolymer', '암모늄스타이렌/아크릴레이트코폴리머', '1-2');
INSERT INTO INGREDIENT(inci_name, ingr_name, ewg_level) VALUES('Ammonium Acrylates Copolymer', '암모늄아크릴레이트코폴리머', '1-2');
INSERT INTO INGREDIENT(inci_name, ingr_name, ewg_level) VALUES('Carbon Black', '카본블랙', '10');
INSERT INTO INGREDIENT(inci_name, ingr_name, ewg_level) VALUES('Sodium Dehydroacetate', '소듐데하이드로아세테이트', '2');
INSERT INTO INGREDIENT(inci_name, ingr_name, ewg_level) VALUES('Disodium Laureth Sulfosuccinate', '다이소듐라우레스설포석시네이트', '1-2');
INSERT INTO INGREDIENT(inci_name, ingr_name, ewg_level) VALUES('Laureth-21', '라우레스-21', '1-2');
INSERT INTO INGREDIENT(inci_name, ingr_name, ewg_level) VALUES('PEG-40 Hydrogenated Castor Oil', '피이지-40하이드로제네이티드캐스터오일', '1-2');
INSERT INTO INGREDIENT(inci_name, ingr_name, ewg_level) VALUES('Butyrospermum Parkii (Shea) Butter', '시어버터', '1');
INSERT INTO INGREDIENT(inci_name, ingr_name, ewg_level) VALUES('Hydroxyethylcellulose', '하이드록시에틸셀룰로오스', '1');
INSERT INTO INGREDIENT(inci_name, ingr_name, ewg_level) VALUES('Sodium Carbomer', '소듐카보머', '1');
INSERT INTO INGREDIENT(inci_name, ingr_name, ewg_level) VALUES('Bifida Ferment Lysate', '비피다발효용해물', '1');
INSERT INTO INGREDIENT(inci_name, ingr_name, ewg_level) VALUES('Galactomyces Ferment Filtrate', '갈락토미세스발효여과물', '1');
INSERT INTO INGREDIENT(inci_name, ingr_name, ewg_level) VALUES('Methyl Gluceth-20', '메틸글루세스-20', '1-2');
INSERT INTO INGREDIENT(inci_name, ingr_name, ewg_level) VALUES('PEG-90', '피이지-90', '1-2');
INSERT INTO INGREDIENT(inci_name, ingr_name, ewg_level) VALUES('Alteromonas Ferment Extract', '알테로모나스발효추출물', '1');
INSERT INTO INGREDIENT(inci_name, ingr_name, ewg_level) VALUES('Silk Extract', '실크추출물', '1');
INSERT INTO INGREDIENT(inci_name, ingr_name, ewg_level) VALUES('Goat Milk Extract', '염소유추출물', '1');
INSERT INTO INGREDIENT(inci_name, ingr_name, ewg_level) VALUES('Glycereth-26', '글리세레스-26', '1-2');
INSERT INTO INGREDIENT(inci_name, ingr_name, ewg_level) VALUES('Polyglyceryl-3 Distearate', '폴리글리세릴-3다이스테아레이트', '1');
INSERT INTO INGREDIENT(inci_name, ingr_name, ewg_level) VALUES('Glyceryl Stearate SE', '글리세릴스테아레이트에스이', '1');
INSERT INTO INGREDIENT(inci_name, ingr_name, ewg_level) VALUES('Tropolone', '트로폴론', '1');
INSERT INTO INGREDIENT(inci_name, ingr_name, ewg_level) VALUES('Olea Europaea (Olive) Fruit Oil', '올리브오일', '1');
INSERT INTO INGREDIENT(inci_name, ingr_name, ewg_level) VALUES('Carthamus Tinctorius (Safflower) Seed Oil', '잇꽃씨오일', '1');
INSERT INTO INGREDIENT(inci_name, ingr_name, ewg_level) VALUES('Decyl Glucoside', '데실글루코사이드', '2');
INSERT INTO INGREDIENT(inci_name, ingr_name, ewg_level) VALUES('Glycine Soja (Soybean) Protein', '돌콩단백질', '1');
INSERT INTO INGREDIENT(inci_name, ingr_name, ewg_level) VALUES('Vincetoxicum Atratum Extract', '백미꽃추출물', '1');
INSERT INTO INGREDIENT(inci_name, ingr_name, ewg_level) VALUES('Limnanthes Alba (Meadowfoam) Seed Oil', '메도우폼씨오일', '1');
INSERT INTO INGREDIENT(inci_name, ingr_name, ewg_level) VALUES('Bis-Ethoxydiglycol Succinate', '비스-에톡시다이글라이콜석시네이트', '');
INSERT INTO INGREDIENT(inci_name, ingr_name, ewg_level) VALUES('Glucose', '글루코오스', '1');
INSERT INTO INGREDIENT(inci_name, ingr_name, ewg_level) VALUES('Betaine Salicylate', '베타인살리실레이트', '1');
INSERT INTO INGREDIENT(inci_name, ingr_name, ewg_level) VALUES('Citrus Aurantium Bergamia (Bergamot) Fruit Oil', '베르가모트오일', '3-4');
INSERT INTO INGREDIENT(inci_name, ingr_name, ewg_level) VALUES('Salvia Sclarea (Clary) Oil', '클레리오일', '2');
INSERT INTO INGREDIENT(inci_name, ingr_name, ewg_level) VALUES('Potassium Hydroxide', '포타슘하이드록사이드', '2-5');
INSERT INTO INGREDIENT(inci_name, ingr_name, ewg_level) VALUES('Glycol Distearate', '글라이콜다이스테아레이트', '1');
INSERT INTO INGREDIENT(inci_name, ingr_name, ewg_level) VALUES('Lauric Acid', '라우릭애씨드', '1');
INSERT INTO INGREDIENT(inci_name, ingr_name, ewg_level) VALUES('Myristyl Betaine', '미리스틸베타인', '1');
INSERT INTO INGREDIENT(inci_name, ingr_name, ewg_level) VALUES('Polyquaternium-7', '폴리쿼터늄-7', '1-5');
INSERT INTO INGREDIENT(inci_name, ingr_name, ewg_level) VALUES('Sodium Benzoate', '소듐벤조에이트', '1-2');
INSERT INTO INGREDIENT(inci_name, ingr_name, ewg_level) VALUES('Polyquaternium-6', '폴리쿼터늄-6', '2');
INSERT INTO INGREDIENT(inci_name, ingr_name, ewg_level) VALUES('Cetyl Betaine', '세틸베타인', '1');
INSERT INTO INGREDIENT(inci_name, ingr_name, ewg_level) VALUES('Sodium Metabisulfite', '소듐메타바이설파이트', '2-6');
INSERT INTO INGREDIENT(inci_name, ingr_name, ewg_level) VALUES('Sericin', '세리신', '1-2');
INSERT INTO INGREDIENT(inci_name, ingr_name, ewg_level) VALUES('Potassium Sorbate', '포타슘솔베이트', '2');
INSERT INTO INGREDIENT(inci_name, ingr_name, ewg_level) VALUES('Bis-Ethoxydiglycol Cyclohexane 1,4-Dicarboxylate', '비스-에톡시다이글라이콜사이클로헥산1,4-다이카복실레이트', '1');
INSERT INTO INGREDIENT(inci_name, ingr_name, ewg_level) VALUES('Dextrin Palmitate/Ethylhexanoate', '덱스트린팔미테이트/에틸헥사노에이트', '1');
INSERT INTO INGREDIENT(inci_name, ingr_name, ewg_level) VALUES('Talc', '탤크', '8');
INSERT INTO INGREDIENT(inci_name, ingr_name, ewg_level) VALUES('Synthetic Beeswax', '합성비즈왁스', '1');
INSERT INTO INGREDIENT(inci_name, ingr_name, ewg_level) VALUES('Propylene Carbonate', '프로필렌카보네이트', '1');
INSERT INTO INGREDIENT(inci_name, ingr_name, ewg_level) VALUES('Dextrin Palmitate', '덱스트린팔미테이트', '1');
INSERT INTO INGREDIENT(inci_name, ingr_name, ewg_level) VALUES('Cellulose', '셀룰로오스', '1');
INSERT INTO INGREDIENT(inci_name, ingr_name, ewg_level) VALUES('Carthamus Tinctorius (Safflower) Flower Extract', '잇꽃꽃추출물', '1');
INSERT INTO INGREDIENT(inci_name, ingr_name, ewg_level) VALUES('Hibiscus Sabdariffa Flower Extract', '히비스커스꽃추출물', '1');
INSERT INTO INGREDIENT(inci_name, ingr_name, ewg_level) VALUES('Glycine Max (Soybean) Seed Extract', '검정콩추출물', '1');
INSERT INTO INGREDIENT(inci_name, ingr_name, ewg_level) VALUES('Sesamum Indicum (Sesame) Seed Extract', '검은깨추출물', '1');
INSERT INTO INGREDIENT(inci_name, ingr_name, ewg_level) VALUES('Coix Lacryma-Jobi Ma-yuen Seed Extract', '율무씨추출물', '1');
INSERT INTO INGREDIENT(inci_name, ingr_name, ewg_level) VALUES('Oryza Sativa (Rice) Extract', '쌀추출물', '1-2');
INSERT INTO INGREDIENT(inci_name, ingr_name, ewg_level) VALUES('Myrothamnus Flabellifolia Leaf/Stem Extract', '미로탐누스 플라벨리폴리아잎/줄기추출물', '1');
INSERT INTO INGREDIENT(inci_name, ingr_name, ewg_level) VALUES('Trifolium Pratense (Clover) Flower Extract', '붉은토끼풀꽃추출물', '');
INSERT INTO INGREDIENT(inci_name, ingr_name, ewg_level) VALUES('Triticum Aestivum (Wheat) Peptide', '밀펩타이드', '1');
INSERT INTO INGREDIENT(inci_name, ingr_name, ewg_level) VALUES('Rayon', '레이온', '1');
INSERT INTO INGREDIENT(inci_name, ingr_name, ewg_level) VALUES('Polyglyceryl-3 Diisostearate', '폴리글리세릴-3다이아이소스테아레이트', '1');
INSERT INTO INGREDIENT(inci_name, ingr_name, ewg_level) VALUES('Polyglyceryl-10 Oleate', '폴리글리세릴-10올리에이트', '1');
INSERT INTO INGREDIENT(inci_name, ingr_name, ewg_level) VALUES('Pistacia Lentiscus (Mastic) Gum', '매스틱검', '1');
INSERT INTO INGREDIENT(inci_name, ingr_name, ewg_level) VALUES('Dextran', '덱스트란', '1');
INSERT INTO INGREDIENT(inci_name, ingr_name, ewg_level) VALUES('Avena Sativa (Oat) Peptide', '귀리펩타이드', '1');
INSERT INTO INGREDIENT(inci_name, ingr_name, ewg_level) VALUES('Glycine Max (Soybean) Polypeptide', '콩폴리펩타이드', '');
INSERT INTO INGREDIENT(inci_name, ingr_name, ewg_level) VALUES('Glycoproteins', '글라이코프로테인', '1');
INSERT INTO INGREDIENT(inci_name, ingr_name, ewg_level) VALUES('Oligopeptide-2', '올리고펩타이드-2', '1');
INSERT INTO INGREDIENT(inci_name, ingr_name, ewg_level) VALUES('Dipentaerythrityl Tetrahydroxystearate/Tetraisostearate', '다이펜타에리스리틸테트라하이드록시스테아레이트/테트라아이소스테아레이트', '1');
INSERT INTO INGREDIENT(inci_name, ingr_name, ewg_level) VALUES('Octyldodeceth-16', '옥틸도데세스-16', '1-2');
INSERT INTO INGREDIENT(inci_name, ingr_name, ewg_level) VALUES('Papain', '파파인', '1-2');
INSERT INTO INGREDIENT(inci_name, ingr_name, ewg_level) VALUES('Mentha Arvensis Leaf Oil', '콘민트오일', '1');
INSERT INTO INGREDIENT(inci_name, ingr_name, ewg_level) VALUES('Artemisia Vulgaris Oil', '불가리스쑥오일', '1');
INSERT INTO INGREDIENT(inci_name, ingr_name, ewg_level) VALUES('Juniperus Mexicana Oil', '멕시칸주니퍼오일', '1');
INSERT INTO INGREDIENT(inci_name, ingr_name, ewg_level) VALUES('Pogostemon Cablin Oil', '광곽향오일', '3');
INSERT INTO INGREDIENT(inci_name, ingr_name, ewg_level) VALUES('Bromelain', '브로멜라인', '1-2');
INSERT INTO INGREDIENT(inci_name, ingr_name, ewg_level) VALUES('Gluconolactone', '글루코노락톤', '1');
INSERT INTO INGREDIENT(inci_name, ingr_name, ewg_level) VALUES('Lactobionic Acid', '락토바이오닉애씨드', '1');
INSERT INTO INGREDIENT(inci_name, ingr_name, ewg_level) VALUES('Melaleuca Alternifolia (Tea Tree) Leaf Water', '티트리잎수', '4-6');
INSERT INTO INGREDIENT(inci_name, ingr_name, ewg_level) VALUES('Lactobacillus Ferment', '락토바실러스발효물', '1');
INSERT INTO INGREDIENT(inci_name, ingr_name, ewg_level) VALUES('Melaleuca Alternifolia (Tea Tree) Leaf Oil', '티트리잎오일', '4-6');
INSERT INTO INGREDIENT(inci_name, ingr_name, ewg_level) VALUES('4-Terpineol', '4-터피네올', '1');
INSERT INTO INGREDIENT(inci_name, ingr_name, ewg_level) VALUES('Glyceryl Glucoside', '글리세릴글루코사이드', '1');
INSERT INTO INGREDIENT(inci_name, ingr_name, ewg_level) VALUES('Melaleuca Alternifolia (Tea Tree) Extract', '티트리추출물', '1');
INSERT INTO INGREDIENT(inci_name, ingr_name, ewg_level) VALUES('Mangifera Indica (Mango) Fruit Extract', '망고추출물', '1');
INSERT INTO INGREDIENT(inci_name, ingr_name, ewg_level) VALUES('Diglycerin', '다이글리세린', '1');
INSERT INTO INGREDIENT(inci_name, ingr_name, ewg_level) VALUES('Melaleuca Alternifolia (Tea Tree) Flower/Leaf/Stem Extract', '티트리꽃/잎/줄기추출물', '1');
INSERT INTO INGREDIENT(inci_name, ingr_name, ewg_level) VALUES('Vaccinium Angustifolium (Blueberry) Fruit Extract', '로우스위트블루베리추출물', '1');
INSERT INTO INGREDIENT(inci_name, ingr_name, ewg_level) VALUES('Rubus Idaeus (Raspberry) Fruit Extract', '라즈베리추출물', '1');
INSERT INTO INGREDIENT(inci_name, ingr_name, ewg_level) VALUES('Rosa Centifolia Flower Water', '프로방스장미꽃수', '1');
INSERT INTO INGREDIENT(inci_name, ingr_name, ewg_level) VALUES('Paeonia Lactiflora Root Extract', '작약뿌리추출물', '1');
INSERT INTO INGREDIENT(inci_name, ingr_name, ewg_level) VALUES('Lonicera Japonica (Honeysuckle) Flower Extract', '인동덩굴꽃추출물', '1');
INSERT INTO INGREDIENT(inci_name, ingr_name, ewg_level) VALUES('Aloe Barbadensis Leaf Extract', '알로에베라잎추출물', '1');
INSERT INTO INGREDIENT(inci_name, ingr_name, ewg_level) VALUES('Alcohol', '에탄올', '1');
INSERT INTO INGREDIENT(inci_name, ingr_name, ewg_level) VALUES('Potassium Cocoyl Glycinate', '포타슘코코일글리시네이트', '1');
INSERT INTO INGREDIENT(inci_name, ingr_name, ewg_level) VALUES('Lauryl Glucoside', '라우릴글루코사이드', '1-2');
INSERT INTO INGREDIENT(inci_name, ingr_name, ewg_level) VALUES('Polyglyceryl-6 Caprylate', '폴리글리세릴-6카프릴레이트', '1');
INSERT INTO INGREDIENT(inci_name, ingr_name, ewg_level) VALUES('Lauryl Hydroxysultaine', '라우릴하이드록시설테인', '1');
INSERT INTO INGREDIENT(inci_name, ingr_name, ewg_level) VALUES('Coco-Glucoside', '코코-글루코사이드', '1-2');
INSERT INTO INGREDIENT(inci_name, ingr_name, ewg_level) VALUES('PPG-7', '피피지-7', '1');
INSERT INTO INGREDIENT(inci_name, ingr_name, ewg_level) VALUES('Simmondsia Chinensis (Jojoba) Seed Oil', '호호바씨오일', '1');
INSERT INTO INGREDIENT(inci_name, ingr_name, ewg_level) VALUES('Polyglyceryl-10 Diisostearate', '폴리글리세릴-10다이아이소스테아레이트', '1');
INSERT INTO INGREDIENT(inci_name, ingr_name, ewg_level) VALUES('Aspartic Acid', '아스파틱애씨드', '1');
INSERT INTO INGREDIENT(inci_name, ingr_name, ewg_level) VALUES('Glutamic Acid', '글루타믹애씨드', '1');
INSERT INTO INGREDIENT(inci_name, ingr_name, ewg_level) VALUES('Dextrin', '덱스트린', '1');
INSERT INTO INGREDIENT(inci_name, ingr_name, ewg_level) VALUES('Theobroma Cacao (Cocoa) Extract', '카카오추출물', '1');
INSERT INTO INGREDIENT(inci_name, ingr_name, ewg_level) VALUES('3-O-Ethyl Ascorbic Acid', '3-O-에틸아스코빅애씨드', '');
INSERT INTO INGREDIENT(inci_name, ingr_name, ewg_level) VALUES('Gardenia Florida Fruit Extract', '치자추출물', '1');
INSERT INTO INGREDIENT(inci_name, ingr_name, ewg_level) VALUES('Citrus Junos Peel Oil', '유자껍질오일', '1-2');
INSERT INTO INGREDIENT(inci_name, ingr_name, ewg_level) VALUES('Glucosyl Hesperidin', '글루코실헤스페리딘', '1');
INSERT INTO INGREDIENT(inci_name, ingr_name, ewg_level) VALUES('Bioflavonoids', '바이오플라보노이드', '1');
INSERT INTO INGREDIENT(inci_name, ingr_name, ewg_level) VALUES('Ascorbic Acid', '아스코빅애씨드', '1');
INSERT INTO INGREDIENT(inci_name, ingr_name, ewg_level) VALUES('Tranexamic Acid', '트라넥사믹애씨드', '1');
INSERT INTO INGREDIENT(inci_name, ingr_name, ewg_level) VALUES('Citrus Junos Peel Extract', '유자껍질추출물', '1');
INSERT INTO INGREDIENT(inci_name, ingr_name, ewg_level) VALUES('Glutathione', '글루타티온', '1');
INSERT INTO INGREDIENT(inci_name, ingr_name, ewg_level) VALUES('Trimethylsiloxysilicate/Dimethiconol Crosspolymer', '트라이메틸실록시실리케이트/다이메티콘올크로스폴리머', '1');
INSERT INTO INGREDIENT(inci_name, ingr_name, ewg_level) VALUES('Sorbeth-30 Tetraisostearate', '솔베스-30테트라아이소스테아레이트', '1');
INSERT INTO INGREDIENT(inci_name, ingr_name, ewg_level) VALUES('PEG-20 Glyceryl Triisostearate', '피이지-20글리세릴트라이아이소스테아레이트', '1-2');
INSERT INTO INGREDIENT(inci_name, ingr_name, ewg_level) VALUES('Caprylhydroxamic Acid', '카프릴하이드록사믹애씨드', '1');
INSERT INTO INGREDIENT(inci_name, ingr_name, ewg_level) VALUES('Pinus Strobus Bark Extract', '스트로브잣나무껍질추출물', '1-3');
INSERT INTO INGREDIENT(inci_name, ingr_name, ewg_level) VALUES('PVP', '피브이피', '1');
INSERT INTO INGREDIENT(inci_name, ingr_name, ewg_level) VALUES('C12-15 Alkyl Benzoate', 'C12-15알킬벤조에이트', '1');
INSERT INTO INGREDIENT(inci_name, ingr_name, ewg_level) VALUES('Polyglyceryl-4 Isostearate', '폴리글리세릴-4아이소스테아레이트', '1');
INSERT INTO INGREDIENT(inci_name, ingr_name, ewg_level) VALUES('Avena Sativa (Oat) Protein Extract', '귀리단백질추출물', '1');
INSERT INTO INGREDIENT(inci_name, ingr_name, ewg_level) VALUES('Ceramide NS', '세라마이드엔에스', '1');
INSERT INTO INGREDIENT(inci_name, ingr_name, ewg_level) VALUES('Ceramide AP', '세라마이드에이피', '1');
INSERT INTO INGREDIENT(inci_name, ingr_name, ewg_level) VALUES('Ceramide EOP', '세라마이드이오피', '1');
INSERT INTO INGREDIENT(inci_name, ingr_name, ewg_level) VALUES('Trifolium Pratense (Clover) Extract', '붉은토끼풀추출물', '1');
INSERT INTO INGREDIENT(inci_name, ingr_name, ewg_level) VALUES('Tetraacetylphytosphingosine', '테트라아세틸피토스핑고신', '1');
INSERT INTO INGREDIENT(inci_name, ingr_name, ewg_level) VALUES('Glycosphingolipids', '글라이코스핑고리피드', '1');
INSERT INTO INGREDIENT(inci_name, ingr_name, ewg_level) VALUES('Diphenyl Dimethicone', '다이페닐다이메티콘', '1-2');
INSERT INTO INGREDIENT(inci_name, ingr_name, ewg_level) VALUES('Potassium Cetyl Phosphate', '포타슘세틸포스페이트', '1');
INSERT INTO INGREDIENT(inci_name, ingr_name, ewg_level) VALUES('Cetearyl Olivate', '세테아릴올리베이트', '1');
INSERT INTO INGREDIENT(inci_name, ingr_name, ewg_level) VALUES('Sorbitan Olivate', '솔비탄올리베이트', '1');
INSERT INTO INGREDIENT(inci_name, ingr_name, ewg_level) VALUES('Ceramide AS', '세라마이드에이에스', '1');
INSERT INTO INGREDIENT(inci_name, ingr_name, ewg_level) VALUES('Sodium Polyacrylate', '소듐폴리아크릴레이트', '1-2');
INSERT INTO INGREDIENT(inci_name, ingr_name, ewg_level) VALUES('Myristyl Glucoside', '미리스틸글루코사이드', '1-2');
INSERT INTO INGREDIENT(inci_name, ingr_name, ewg_level) VALUES('Heptyl Undecylenate', '헵틸운데실레네이트', '');
INSERT INTO INGREDIENT(inci_name, ingr_name, ewg_level) VALUES('Candelilla/Jojoba/Rice Bran Polyglyceryl-3 Esters', '칸데릴라/호호바/쌀겨폴리글리세릴-3에스터', '1');
INSERT INTO INGREDIENT(inci_name, ingr_name, ewg_level) VALUES('Polyglyceryl-6 Laurate', '폴리글리세릴-6라우레이트', '1');
INSERT INTO INGREDIENT(inci_name, ingr_name, ewg_level) VALUES('Adansonia Digitata Seed Oil', '바오밥나무씨오일', '1');
INSERT INTO INGREDIENT(inci_name, ingr_name, ewg_level) VALUES('Hydrogenated Rice Bran Oil', '하이드로제네이티드쌀겨오일', '1');
INSERT INTO INGREDIENT(inci_name, ingr_name, ewg_level) VALUES('Coptis Japonica Root Extract', '황련뿌리추출물', '1');
INSERT INTO INGREDIENT(inci_name, ingr_name, ewg_level) VALUES('C13-16 Isoalkane', 'C13-16아이소알케인', '1');
INSERT INTO INGREDIENT(inci_name, ingr_name, ewg_level) VALUES('Hydrolyzed Collagen', '하이드롤라이즈드콜라겐', '1');
INSERT INTO INGREDIENT(inci_name, ingr_name, ewg_level) VALUES('Xylitylglucoside', '자일리틸글루코사이드', '1');
INSERT INTO INGREDIENT(inci_name, ingr_name, ewg_level) VALUES('Anhydroxylitol', '안하이드로자일리톨', '1');
INSERT INTO INGREDIENT(inci_name, ingr_name, ewg_level) VALUES('Xylitol', '자일리톨', '1');
INSERT INTO INGREDIENT(inci_name, ingr_name, ewg_level) VALUES('Ethylene/Propylene/Styrene Copolymer', '에틸렌/프로필렌/스타이렌코폴리머', '1-2');
INSERT INTO INGREDIENT(inci_name, ingr_name, ewg_level) VALUES('Sucrose Tetrastearate Triacetate', '수크로오스테트라스테아레이트트라이아세테이트', '1');
INSERT INTO INGREDIENT(inci_name, ingr_name, ewg_level) VALUES('Euphorbia Cerifera (Candelilla) Wax', '칸데릴라왁스', '1');
INSERT INTO INGREDIENT(inci_name, ingr_name, ewg_level) VALUES('Candelilla Wax Esters', '칸데릴라왁스에스터', '1');
INSERT INTO INGREDIENT(inci_name, ingr_name, ewg_level) VALUES('Astrocaryum Murumuru Seed Butter', '야자씨버터', '1');
INSERT INTO INGREDIENT(inci_name, ingr_name, ewg_level) VALUES('Butylene/Ethylene/Styrene Copolymer', '부틸렌/에틸렌/스타이렌코폴리머', '1-2');
INSERT INTO INGREDIENT(inci_name, ingr_name, ewg_level) VALUES('Punica Granatum Fruit Juice', '석류즙', '1');
INSERT INTO INGREDIENT(inci_name, ingr_name, ewg_level) VALUES('Vitis Vinifera (Grape) Juice', '포도즙', '1');
INSERT INTO INGREDIENT(inci_name, ingr_name, ewg_level) VALUES('Isobutylmethacrylate/Bis-Hydroxypropyl Dimethicone Acrylate Copolymer', '아이소부틸메타크릴레이트/비스-하이드록시프로필다이메티콘아크릴레이트코폴리머', '1-2');
INSERT INTO INGREDIENT(inci_name, ingr_name, ewg_level) VALUES('Polypropylsilsesquioxane', '폴리프로필실세스퀴옥세인', '1');

COMMIT;


-- RiskIngredient data
INSERT INTO RISKINGREDIENT(inci_name) VALUES('Mineral oil');
INSERT INTO RISKINGREDIENT(inci_name) VALUES('o-Cymen-5-ol');
INSERT INTO RISKINGREDIENT(inci_name) VALUES('Green 3');
INSERT INTO RISKINGREDIENT(inci_name) VALUES('Acid Orange 7');
INSERT INTO RISKINGREDIENT(inci_name) VALUES('Diazolidinyl Urea');
INSERT INTO RISKINGREDIENT(inci_name) VALUES('DMDM Hydantoin');
INSERT INTO RISKINGREDIENT(inci_name) VALUES('Benzophenone-3');
INSERT INTO RISKINGREDIENT(inci_name) VALUES('Butyl Methoxydibenzoylmethane');
INSERT INTO RISKINGREDIENT(inci_name) VALUES('BHA');
INSERT INTO RISKINGREDIENT(inci_name) VALUES('BHT');
INSERT INTO RISKINGREDIENT(inci_name) VALUES('Sodium Laureth Sulfate');
INSERT INTO RISKINGREDIENT(inci_name) VALUES('Sodium Lauryl Sulfate');
INSERT INTO RISKINGREDIENT(inci_name) VALUES('Sorbic Acid');
INSERT INTO RISKINGREDIENT(inci_name) VALUES('Isopropyl Alcohol');
INSERT INTO RISKINGREDIENT(inci_name) VALUES('Imidazolidinyl Urea');
INSERT INTO RISKINGREDIENT(inci_name) VALUES('Acid Violet 43');
INSERT INTO RISKINGREDIENT(inci_name) VALUES('CI 14720');
INSERT INTO RISKINGREDIENT(inci_name) VALUES('Acid Blue 9 Aluminum Lake');
INSERT INTO RISKINGREDIENT(inci_name) VALUES('Acid Blue 74 Aluminum Lake');
INSERT INTO RISKINGREDIENT(inci_name) VALUES('Triisopropanolamine');
INSERT INTO RISKINGREDIENT(inci_name) VALUES('Triethanolamine');
INSERT INTO RISKINGREDIENT(inci_name) VALUES('Triclosan');
INSERT INTO RISKINGREDIENT(inci_name) VALUES('Thymol');
INSERT INTO RISKINGREDIENT(inci_name) VALUES('Methylparaben');
INSERT INTO RISKINGREDIENT(inci_name) VALUES('Benzylparaben');
INSERT INTO RISKINGREDIENT(inci_name) VALUES('Butylparaben');
INSERT INTO RISKINGREDIENT(inci_name) VALUES('Sodium Methylparaben');
INSERT INTO RISKINGREDIENT(inci_name) VALUES('Sodium Butylparaben');
INSERT INTO RISKINGREDIENT(inci_name) VALUES('Sodium Isobutylparaben');
INSERT INTO RISKINGREDIENT(inci_name) VALUES('Sodium Isopropylparaben');
INSERT INTO RISKINGREDIENT(inci_name) VALUES('Sodium Ethylparaben');
INSERT INTO RISKINGREDIENT(inci_name) VALUES('Sodium Paraben');
INSERT INTO RISKINGREDIENT(inci_name) VALUES('Sodium Propylparaben');
INSERT INTO RISKINGREDIENT(inci_name) VALUES('Isodecylparaben');
INSERT INTO RISKINGREDIENT(inci_name) VALUES('Isobutylparaben');
INSERT INTO RISKINGREDIENT(inci_name) VALUES('Isopropylparaben');
INSERT INTO RISKINGREDIENT(inci_name) VALUES('Ethylparaben');
INSERT INTO RISKINGREDIENT(inci_name) VALUES('Undecylenoyl PEG-5 Paraben');
INSERT INTO RISKINGREDIENT(inci_name) VALUES('Calcium Paraben');
INSERT INTO RISKINGREDIENT(inci_name) VALUES('Potassium Methylparaben');
INSERT INTO RISKINGREDIENT(inci_name) VALUES('Potassium Butylparaben');
INSERT INTO RISKINGREDIENT(inci_name) VALUES('Potassium Ethylparaben');
INSERT INTO RISKINGREDIENT(inci_name) VALUES('Potassium Paraben');
INSERT INTO RISKINGREDIENT(inci_name) VALUES('Potassium Propylparaben');
INSERT INTO RISKINGREDIENT(inci_name) VALUES('Propylparaben');
INSERT INTO RISKINGREDIENT(inci_name) VALUES('Hexamidine Diparaben');
INSERT INTO RISKINGREDIENT(inci_name) VALUES('Hexamidine Paraben');
INSERT INTO RISKINGREDIENT(inci_name) VALUES('Phenoxyethanol');
INSERT INTO RISKINGREDIENT(inci_name) VALUES('C12-20 Acid PEG-8 Ester');
INSERT INTO RISKINGREDIENT(inci_name) VALUES('Dimethicone PEG-8 Meadowfoamate');
INSERT INTO RISKINGREDIENT(inci_name) VALUES('Red 7 Lake');
INSERT INTO RISKINGREDIENT(inci_name) VALUES('Red 34');
INSERT INTO RISKINGREDIENT(inci_name) VALUES('CI 15985');
INSERT INTO RISKINGREDIENT(inci_name) VALUES('Fragrance');
INSERT INTO RISKINGREDIENT(inci_name) VALUES('Yellow 5 Lake');
INSERT INTO RISKINGREDIENT(inci_name) VALUES('Yellow 6 Lake');

COMMIT;


-- AllergyIngredient data

INSERT INTO ALLERGYINGREDIENT(inci_name) VALUES('Limonene');
INSERT INTO ALLERGYINGREDIENT(inci_name) VALUES('Evernia Furfuracea (Treemoss) Extract');
INSERT INTO ALLERGYINGREDIENT(inci_name) VALUES('Linalool');
INSERT INTO ALLERGYINGREDIENT(inci_name) VALUES('Methyl 2-Octynoate');
INSERT INTO ALLERGYINGREDIENT(inci_name) VALUES('Benzyl Benzoate');
INSERT INTO ALLERGYINGREDIENT(inci_name) VALUES('Benzyl Salicylate');
INSERT INTO ALLERGYINGREDIENT(inci_name) VALUES('Benzyl Cinnamate');
INSERT INTO ALLERGYINGREDIENT(inci_name) VALUES('Benzyl Alcohol');
INSERT INTO ALLERGYINGREDIENT(inci_name) VALUES('Butylphenyl Methylpropional');
INSERT INTO ALLERGYINGREDIENT(inci_name) VALUES('Citral');
INSERT INTO ALLERGYINGREDIENT(inci_name) VALUES('Citronellol');
INSERT INTO ALLERGYINGREDIENT(inci_name) VALUES('Cinnamyl Alcohol');
INSERT INTO ALLERGYINGREDIENT(inci_name) VALUES('Cinnamal');
INSERT INTO ALLERGYINGREDIENT(inci_name) VALUES('Anise Alcohol');
INSERT INTO ALLERGYINGREDIENT(inci_name) VALUES('Amylcinnamyl Alcohol');
INSERT INTO ALLERGYINGREDIENT(inci_name) VALUES('Amyl Cinnamal');
INSERT INTO ALLERGYINGREDIENT(inci_name) VALUES('Isoeugenol');
INSERT INTO ALLERGYINGREDIENT(inci_name) VALUES('Alpha-Isomethyl Ionone');
INSERT INTO ALLERGYINGREDIENT(inci_name) VALUES('Eugenol');
INSERT INTO ALLERGYINGREDIENT(inci_name) VALUES('Geraniol');
INSERT INTO ALLERGYINGREDIENT(inci_name) VALUES('Evernia Prunastri (Oakmoss) Extract');
INSERT INTO ALLERGYINGREDIENT(inci_name) VALUES('Coumarin');
INSERT INTO ALLERGYINGREDIENT(inci_name) VALUES('Farnesol');
INSERT INTO ALLERGYINGREDIENT(inci_name) VALUES('Hydroxycitronellal');
INSERT INTO ALLERGYINGREDIENT(inci_name) VALUES('Hexyl Cinnamal');

COMMIT;


-- SkinType data
INSERT INTO SKINTYPE(skin_type_id, type_name) VALUES(1,'지성');
INSERT INTO SKINTYPE(skin_type_id, type_name) VALUES(2,'건성');
INSERT INTO SKINTYPE(skin_type_id, type_name) VALUES(3,'복합성');
INSERT INTO SKINTYPE(skin_type_id, type_name) VALUES(4,'수분부족형지성(수부지)');
INSERT INTO SKINTYPE(skin_type_id, type_name) VALUES(5,'민감성');
INSERT INTO SKINTYPE(skin_type_id, type_name) VALUES(6,'트러블성');

COMMIT;


-- ProductIngredient_REL data

INSERT INTO PRODUCTINGREDIENT_REL(product_id, ingr_id) VALUES(1,57);
INSERT INTO PRODUCTINGREDIENT_REL(product_id, ingr_id) VALUES(1,58);
INSERT INTO PRODUCTINGREDIENT_REL(product_id, ingr_id) VALUES(1,59);
INSERT INTO PRODUCTINGREDIENT_REL(product_id, ingr_id) VALUES(1,60);
INSERT INTO PRODUCTINGREDIENT_REL(product_id, ingr_id) VALUES(1,61);
INSERT INTO PRODUCTINGREDIENT_REL(product_id, ingr_id) VALUES(1,62);
INSERT INTO PRODUCTINGREDIENT_REL(product_id, ingr_id) VALUES(1,63);
INSERT INTO PRODUCTINGREDIENT_REL(product_id, ingr_id) VALUES(1,64);
INSERT INTO PRODUCTINGREDIENT_REL(product_id, ingr_id) VALUES(1,65);
INSERT INTO PRODUCTINGREDIENT_REL(product_id, ingr_id) VALUES(1,66);
INSERT INTO PRODUCTINGREDIENT_REL(product_id, ingr_id) VALUES(1,67);
INSERT INTO PRODUCTINGREDIENT_REL(product_id, ingr_id) VALUES(1,92);
INSERT INTO PRODUCTINGREDIENT_REL(product_id, ingr_id) VALUES(1,68);
INSERT INTO PRODUCTINGREDIENT_REL(product_id, ingr_id) VALUES(1,93);
INSERT INTO PRODUCTINGREDIENT_REL(product_id, ingr_id) VALUES(1,69);
INSERT INTO PRODUCTINGREDIENT_REL(product_id, ingr_id) VALUES(1,70);
INSERT INTO PRODUCTINGREDIENT_REL(product_id, ingr_id) VALUES(1,71);
INSERT INTO PRODUCTINGREDIENT_REL(product_id, ingr_id) VALUES(1,72);
INSERT INTO PRODUCTINGREDIENT_REL(product_id, ingr_id) VALUES(1,73);
INSERT INTO PRODUCTINGREDIENT_REL(product_id, ingr_id) VALUES(1,74);
INSERT INTO PRODUCTINGREDIENT_REL(product_id, ingr_id) VALUES(1,75);
INSERT INTO PRODUCTINGREDIENT_REL(product_id, ingr_id) VALUES(1,76);
INSERT INTO PRODUCTINGREDIENT_REL(product_id, ingr_id) VALUES(1,77);
INSERT INTO PRODUCTINGREDIENT_REL(product_id, ingr_id) VALUES(1,78);
INSERT INTO PRODUCTINGREDIENT_REL(product_id, ingr_id) VALUES(1,79);
INSERT INTO PRODUCTINGREDIENT_REL(product_id, ingr_id) VALUES(1,80);
INSERT INTO PRODUCTINGREDIENT_REL(product_id, ingr_id) VALUES(1,81);
INSERT INTO PRODUCTINGREDIENT_REL(product_id, ingr_id) VALUES(1,82);
INSERT INTO PRODUCTINGREDIENT_REL(product_id, ingr_id) VALUES(1,83);
INSERT INTO PRODUCTINGREDIENT_REL(product_id, ingr_id) VALUES(1,84);
INSERT INTO PRODUCTINGREDIENT_REL(product_id, ingr_id) VALUES(1,85);
INSERT INTO PRODUCTINGREDIENT_REL(product_id, ingr_id) VALUES(1,86);
INSERT INTO PRODUCTINGREDIENT_REL(product_id, ingr_id) VALUES(1,87);
INSERT INTO PRODUCTINGREDIENT_REL(product_id, ingr_id) VALUES(1,94);
INSERT INTO PRODUCTINGREDIENT_REL(product_id, ingr_id) VALUES(1,88);
INSERT INTO PRODUCTINGREDIENT_REL(product_id, ingr_id) VALUES(1,89);
INSERT INTO PRODUCTINGREDIENT_REL(product_id, ingr_id) VALUES(1,90);
INSERT INTO PRODUCTINGREDIENT_REL(product_id, ingr_id) VALUES(1,91);
INSERT INTO PRODUCTINGREDIENT_REL(product_id, ingr_id) VALUES(2,95);
INSERT INTO PRODUCTINGREDIENT_REL(product_id, ingr_id) VALUES(2,96);
INSERT INTO PRODUCTINGREDIENT_REL(product_id, ingr_id) VALUES(2,97);
INSERT INTO PRODUCTINGREDIENT_REL(product_id, ingr_id) VALUES(2,98);
INSERT INTO PRODUCTINGREDIENT_REL(product_id, ingr_id) VALUES(2,99);
INSERT INTO PRODUCTINGREDIENT_REL(product_id, ingr_id) VALUES(2,100);
INSERT INTO PRODUCTINGREDIENT_REL(product_id, ingr_id) VALUES(2,101);
INSERT INTO PRODUCTINGREDIENT_REL(product_id, ingr_id) VALUES(2,62);
INSERT INTO PRODUCTINGREDIENT_REL(product_id, ingr_id) VALUES(2,102);
INSERT INTO PRODUCTINGREDIENT_REL(product_id, ingr_id) VALUES(2,103);
INSERT INTO PRODUCTINGREDIENT_REL(product_id, ingr_id) VALUES(2,104);
INSERT INTO PRODUCTINGREDIENT_REL(product_id, ingr_id) VALUES(2,116);
INSERT INTO PRODUCTINGREDIENT_REL(product_id, ingr_id) VALUES(2,117);
INSERT INTO PRODUCTINGREDIENT_REL(product_id, ingr_id) VALUES(2,121);
INSERT INTO PRODUCTINGREDIENT_REL(product_id, ingr_id) VALUES(2,105);
INSERT INTO PRODUCTINGREDIENT_REL(product_id, ingr_id) VALUES(2,118);
INSERT INTO PRODUCTINGREDIENT_REL(product_id, ingr_id) VALUES(2,119);
INSERT INTO PRODUCTINGREDIENT_REL(product_id, ingr_id) VALUES(2,106);
INSERT INTO PRODUCTINGREDIENT_REL(product_id, ingr_id) VALUES(2,86);
INSERT INTO PRODUCTINGREDIENT_REL(product_id, ingr_id) VALUES(2,107);
INSERT INTO PRODUCTINGREDIENT_REL(product_id, ingr_id) VALUES(2,108);
INSERT INTO PRODUCTINGREDIENT_REL(product_id, ingr_id) VALUES(2,109);
INSERT INTO PRODUCTINGREDIENT_REL(product_id, ingr_id) VALUES(2,110);
INSERT INTO PRODUCTINGREDIENT_REL(product_id, ingr_id) VALUES(2,111);
INSERT INTO PRODUCTINGREDIENT_REL(product_id, ingr_id) VALUES(2,112);
INSERT INTO PRODUCTINGREDIENT_REL(product_id, ingr_id) VALUES(2,120);
INSERT INTO PRODUCTINGREDIENT_REL(product_id, ingr_id) VALUES(2,113);
INSERT INTO PRODUCTINGREDIENT_REL(product_id, ingr_id) VALUES(2,114);
INSERT INTO PRODUCTINGREDIENT_REL(product_id, ingr_id) VALUES(2,115);
INSERT INTO PRODUCTINGREDIENT_REL(product_id, ingr_id) VALUES(3,57);
INSERT INTO PRODUCTINGREDIENT_REL(product_id, ingr_id) VALUES(3,60);
INSERT INTO PRODUCTINGREDIENT_REL(product_id, ingr_id) VALUES(3,122);
INSERT INTO PRODUCTINGREDIENT_REL(product_id, ingr_id) VALUES(3,121);
INSERT INTO PRODUCTINGREDIENT_REL(product_id, ingr_id) VALUES(3,123);
INSERT INTO PRODUCTINGREDIENT_REL(product_id, ingr_id) VALUES(3,124);
INSERT INTO PRODUCTINGREDIENT_REL(product_id, ingr_id) VALUES(3,59);
INSERT INTO PRODUCTINGREDIENT_REL(product_id, ingr_id) VALUES(3,125);
INSERT INTO PRODUCTINGREDIENT_REL(product_id, ingr_id) VALUES(3,126);
INSERT INTO PRODUCTINGREDIENT_REL(product_id, ingr_id) VALUES(3,127);
INSERT INTO PRODUCTINGREDIENT_REL(product_id, ingr_id) VALUES(3,128);
INSERT INTO PRODUCTINGREDIENT_REL(product_id, ingr_id) VALUES(3,129);
INSERT INTO PRODUCTINGREDIENT_REL(product_id, ingr_id) VALUES(3,92);
INSERT INTO PRODUCTINGREDIENT_REL(product_id, ingr_id) VALUES(3,130);
INSERT INTO PRODUCTINGREDIENT_REL(product_id, ingr_id) VALUES(3,131);
INSERT INTO PRODUCTINGREDIENT_REL(product_id, ingr_id) VALUES(3,132);
INSERT INTO PRODUCTINGREDIENT_REL(product_id, ingr_id) VALUES(3,133);
INSERT INTO PRODUCTINGREDIENT_REL(product_id, ingr_id) VALUES(3,134);
INSERT INTO PRODUCTINGREDIENT_REL(product_id, ingr_id) VALUES(3,118);
INSERT INTO PRODUCTINGREDIENT_REL(product_id, ingr_id) VALUES(3,135);
INSERT INTO PRODUCTINGREDIENT_REL(product_id, ingr_id) VALUES(3,100);
INSERT INTO PRODUCTINGREDIENT_REL(product_id, ingr_id) VALUES(3,136);
INSERT INTO PRODUCTINGREDIENT_REL(product_id, ingr_id) VALUES(3,88);
INSERT INTO PRODUCTINGREDIENT_REL(product_id, ingr_id) VALUES(3,68);
INSERT INTO PRODUCTINGREDIENT_REL(product_id, ingr_id) VALUES(3,137);
INSERT INTO PRODUCTINGREDIENT_REL(product_id, ingr_id) VALUES(3,113);
INSERT INTO PRODUCTINGREDIENT_REL(product_id, ingr_id) VALUES(3,117);
INSERT INTO PRODUCTINGREDIENT_REL(product_id, ingr_id) VALUES(3,80);
INSERT INTO PRODUCTINGREDIENT_REL(product_id, ingr_id) VALUES(3,77);
INSERT INTO PRODUCTINGREDIENT_REL(product_id, ingr_id) VALUES(3,138);
INSERT INTO PRODUCTINGREDIENT_REL(product_id, ingr_id) VALUES(3,119);
INSERT INTO PRODUCTINGREDIENT_REL(product_id, ingr_id) VALUES(3,139);
INSERT INTO PRODUCTINGREDIENT_REL(product_id, ingr_id) VALUES(3,140);
INSERT INTO PRODUCTINGREDIENT_REL(product_id, ingr_id) VALUES(3,85);
INSERT INTO PRODUCTINGREDIENT_REL(product_id, ingr_id) VALUES(3,86);
INSERT INTO PRODUCTINGREDIENT_REL(product_id, ingr_id) VALUES(3,83);
INSERT INTO PRODUCTINGREDIENT_REL(product_id, ingr_id) VALUES(3,87);
INSERT INTO PRODUCTINGREDIENT_REL(product_id, ingr_id) VALUES(3,141);
INSERT INTO PRODUCTINGREDIENT_REL(product_id, ingr_id) VALUES(3,79);
INSERT INTO PRODUCTINGREDIENT_REL(product_id, ingr_id) VALUES(4,57);
INSERT INTO PRODUCTINGREDIENT_REL(product_id, ingr_id) VALUES(4,139);
INSERT INTO PRODUCTINGREDIENT_REL(product_id, ingr_id) VALUES(4,137);
INSERT INTO PRODUCTINGREDIENT_REL(product_id, ingr_id) VALUES(4,142);
INSERT INTO PRODUCTINGREDIENT_REL(product_id, ingr_id) VALUES(4,59);
INSERT INTO PRODUCTINGREDIENT_REL(product_id, ingr_id) VALUES(4,92);
INSERT INTO PRODUCTINGREDIENT_REL(product_id, ingr_id) VALUES(4,58);
INSERT INTO PRODUCTINGREDIENT_REL(product_id, ingr_id) VALUES(4,143);
INSERT INTO PRODUCTINGREDIENT_REL(product_id, ingr_id) VALUES(4,144);
INSERT INTO PRODUCTINGREDIENT_REL(product_id, ingr_id) VALUES(4,145);
INSERT INTO PRODUCTINGREDIENT_REL(product_id, ingr_id) VALUES(4,146);
INSERT INTO PRODUCTINGREDIENT_REL(product_id, ingr_id) VALUES(4,147);
INSERT INTO PRODUCTINGREDIENT_REL(product_id, ingr_id) VALUES(4,148);
INSERT INTO PRODUCTINGREDIENT_REL(product_id, ingr_id) VALUES(4,149);
INSERT INTO PRODUCTINGREDIENT_REL(product_id, ingr_id) VALUES(4,150);
INSERT INTO PRODUCTINGREDIENT_REL(product_id, ingr_id) VALUES(4,151);
INSERT INTO PRODUCTINGREDIENT_REL(product_id, ingr_id) VALUES(4,152);
INSERT INTO PRODUCTINGREDIENT_REL(product_id, ingr_id) VALUES(4,153);
INSERT INTO PRODUCTINGREDIENT_REL(product_id, ingr_id) VALUES(4,154);
INSERT INTO PRODUCTINGREDIENT_REL(product_id, ingr_id) VALUES(4,155);
INSERT INTO PRODUCTINGREDIENT_REL(product_id, ingr_id) VALUES(4,156);
INSERT INTO PRODUCTINGREDIENT_REL(product_id, ingr_id) VALUES(4,157);
INSERT INTO PRODUCTINGREDIENT_REL(product_id, ingr_id) VALUES(4,158);
INSERT INTO PRODUCTINGREDIENT_REL(product_id, ingr_id) VALUES(4,159);
INSERT INTO PRODUCTINGREDIENT_REL(product_id, ingr_id) VALUES(4,160);
INSERT INTO PRODUCTINGREDIENT_REL(product_id, ingr_id) VALUES(4,161);
INSERT INTO PRODUCTINGREDIENT_REL(product_id, ingr_id) VALUES(4,162);
INSERT INTO PRODUCTINGREDIENT_REL(product_id, ingr_id) VALUES(4,163);
INSERT INTO PRODUCTINGREDIENT_REL(product_id, ingr_id) VALUES(4,164);
INSERT INTO PRODUCTINGREDIENT_REL(product_id, ingr_id) VALUES(4,165);
INSERT INTO PRODUCTINGREDIENT_REL(product_id, ingr_id) VALUES(4,166);
INSERT INTO PRODUCTINGREDIENT_REL(product_id, ingr_id) VALUES(4,167);
INSERT INTO PRODUCTINGREDIENT_REL(product_id, ingr_id) VALUES(4,168);
INSERT INTO PRODUCTINGREDIENT_REL(product_id, ingr_id) VALUES(4,169);
INSERT INTO PRODUCTINGREDIENT_REL(product_id, ingr_id) VALUES(4,170);
INSERT INTO PRODUCTINGREDIENT_REL(product_id, ingr_id) VALUES(4,171);
INSERT INTO PRODUCTINGREDIENT_REL(product_id, ingr_id) VALUES(4,172);
INSERT INTO PRODUCTINGREDIENT_REL(product_id, ingr_id) VALUES(4,80);
INSERT INTO PRODUCTINGREDIENT_REL(product_id, ingr_id) VALUES(4,67);
INSERT INTO PRODUCTINGREDIENT_REL(product_id, ingr_id) VALUES(4,173);
INSERT INTO PRODUCTINGREDIENT_REL(product_id, ingr_id) VALUES(4,87);
INSERT INTO PRODUCTINGREDIENT_REL(product_id, ingr_id) VALUES(4,174);
INSERT INTO PRODUCTINGREDIENT_REL(product_id, ingr_id) VALUES(4,81);
INSERT INTO PRODUCTINGREDIENT_REL(product_id, ingr_id) VALUES(4,175);
INSERT INTO PRODUCTINGREDIENT_REL(product_id, ingr_id) VALUES(4,77);
INSERT INTO PRODUCTINGREDIENT_REL(product_id, ingr_id) VALUES(4,86);
INSERT INTO PRODUCTINGREDIENT_REL(product_id, ingr_id) VALUES(4,176);
INSERT INTO PRODUCTINGREDIENT_REL(product_id, ingr_id) VALUES(4,177);
INSERT INTO PRODUCTINGREDIENT_REL(product_id, ingr_id) VALUES(4,178);
INSERT INTO PRODUCTINGREDIENT_REL(product_id, ingr_id) VALUES(4,179);
INSERT INTO PRODUCTINGREDIENT_REL(product_id, ingr_id) VALUES(4,180);
INSERT INTO PRODUCTINGREDIENT_REL(product_id, ingr_id) VALUES(4,181);
INSERT INTO PRODUCTINGREDIENT_REL(product_id, ingr_id) VALUES(4,78);
INSERT INTO PRODUCTINGREDIENT_REL(product_id, ingr_id) VALUES(5,57);
INSERT INTO PRODUCTINGREDIENT_REL(product_id, ingr_id) VALUES(5,139);
INSERT INTO PRODUCTINGREDIENT_REL(product_id, ingr_id) VALUES(5,58);
INSERT INTO PRODUCTINGREDIENT_REL(product_id, ingr_id) VALUES(5,59);
INSERT INTO PRODUCTINGREDIENT_REL(product_id, ingr_id) VALUES(5,76);
INSERT INTO PRODUCTINGREDIENT_REL(product_id, ingr_id) VALUES(5,65);
INSERT INTO PRODUCTINGREDIENT_REL(product_id, ingr_id) VALUES(5,137);
INSERT INTO PRODUCTINGREDIENT_REL(product_id, ingr_id) VALUES(5,182);
INSERT INTO PRODUCTINGREDIENT_REL(product_id, ingr_id) VALUES(5,92);
INSERT INTO PRODUCTINGREDIENT_REL(product_id, ingr_id) VALUES(5,183);
INSERT INTO PRODUCTINGREDIENT_REL(product_id, ingr_id) VALUES(5,142);
INSERT INTO PRODUCTINGREDIENT_REL(product_id, ingr_id) VALUES(5,61);
INSERT INTO PRODUCTINGREDIENT_REL(product_id, ingr_id) VALUES(5,167);
INSERT INTO PRODUCTINGREDIENT_REL(product_id, ingr_id) VALUES(5,165);
INSERT INTO PRODUCTINGREDIENT_REL(product_id, ingr_id) VALUES(5,162);
INSERT INTO PRODUCTINGREDIENT_REL(product_id, ingr_id) VALUES(5,163);
INSERT INTO PRODUCTINGREDIENT_REL(product_id, ingr_id) VALUES(5,184);
INSERT INTO PRODUCTINGREDIENT_REL(product_id, ingr_id) VALUES(5,185);
INSERT INTO PRODUCTINGREDIENT_REL(product_id, ingr_id) VALUES(5,186);
INSERT INTO PRODUCTINGREDIENT_REL(product_id, ingr_id) VALUES(5,145);
INSERT INTO PRODUCTINGREDIENT_REL(product_id, ingr_id) VALUES(5,187);
INSERT INTO PRODUCTINGREDIENT_REL(product_id, ingr_id) VALUES(5,188);
INSERT INTO PRODUCTINGREDIENT_REL(product_id, ingr_id) VALUES(5,69);
INSERT INTO PRODUCTINGREDIENT_REL(product_id, ingr_id) VALUES(5,189);
INSERT INTO PRODUCTINGREDIENT_REL(product_id, ingr_id) VALUES(5,190);
INSERT INTO PRODUCTINGREDIENT_REL(product_id, ingr_id) VALUES(5,191);
INSERT INTO PRODUCTINGREDIENT_REL(product_id, ingr_id) VALUES(5,170);
INSERT INTO PRODUCTINGREDIENT_REL(product_id, ingr_id) VALUES(5,85);
INSERT INTO PRODUCTINGREDIENT_REL(product_id, ingr_id) VALUES(5,80);
INSERT INTO PRODUCTINGREDIENT_REL(product_id, ingr_id) VALUES(5,97);
INSERT INTO PRODUCTINGREDIENT_REL(product_id, ingr_id) VALUES(5,174);
INSERT INTO PRODUCTINGREDIENT_REL(product_id, ingr_id) VALUES(5,175);
INSERT INTO PRODUCTINGREDIENT_REL(product_id, ingr_id) VALUES(5,192);
INSERT INTO PRODUCTINGREDIENT_REL(product_id, ingr_id) VALUES(5,193);
INSERT INTO PRODUCTINGREDIENT_REL(product_id, ingr_id) VALUES(5,194);
INSERT INTO PRODUCTINGREDIENT_REL(product_id, ingr_id) VALUES(5,82);
INSERT INTO PRODUCTINGREDIENT_REL(product_id, ingr_id) VALUES(5,147);
INSERT INTO PRODUCTINGREDIENT_REL(product_id, ingr_id) VALUES(5,131);
INSERT INTO PRODUCTINGREDIENT_REL(product_id, ingr_id) VALUES(5,86);
INSERT INTO PRODUCTINGREDIENT_REL(product_id, ingr_id) VALUES(5,108);
INSERT INTO PRODUCTINGREDIENT_REL(product_id, ingr_id) VALUES(5,195);
INSERT INTO PRODUCTINGREDIENT_REL(product_id, ingr_id) VALUES(5,196);
INSERT INTO PRODUCTINGREDIENT_REL(product_id, ingr_id) VALUES(5,197);
INSERT INTO PRODUCTINGREDIENT_REL(product_id, ingr_id) VALUES(5,148);
INSERT INTO PRODUCTINGREDIENT_REL(product_id, ingr_id) VALUES(5,198);
INSERT INTO PRODUCTINGREDIENT_REL(product_id, ingr_id) VALUES(5,199);
INSERT INTO PRODUCTINGREDIENT_REL(product_id, ingr_id) VALUES(5,87);
INSERT INTO PRODUCTINGREDIENT_REL(product_id, ingr_id) VALUES(5,200);
INSERT INTO PRODUCTINGREDIENT_REL(product_id, ingr_id) VALUES(5,201);
INSERT INTO PRODUCTINGREDIENT_REL(product_id, ingr_id) VALUES(5,202);
INSERT INTO PRODUCTINGREDIENT_REL(product_id, ingr_id) VALUES(5,203);
INSERT INTO PRODUCTINGREDIENT_REL(product_id, ingr_id) VALUES(5,204);
INSERT INTO PRODUCTINGREDIENT_REL(product_id, ingr_id) VALUES(5,205);
INSERT INTO PRODUCTINGREDIENT_REL(product_id, ingr_id) VALUES(5,206);
INSERT INTO PRODUCTINGREDIENT_REL(product_id, ingr_id) VALUES(5,207);
INSERT INTO PRODUCTINGREDIENT_REL(product_id, ingr_id) VALUES(5,178);
INSERT INTO PRODUCTINGREDIENT_REL(product_id, ingr_id) VALUES(5,149);
INSERT INTO PRODUCTINGREDIENT_REL(product_id, ingr_id) VALUES(5,150);
INSERT INTO PRODUCTINGREDIENT_REL(product_id, ingr_id) VALUES(5,151);
INSERT INTO PRODUCTINGREDIENT_REL(product_id, ingr_id) VALUES(5,152);
INSERT INTO PRODUCTINGREDIENT_REL(product_id, ingr_id) VALUES(5,153);
INSERT INTO PRODUCTINGREDIENT_REL(product_id, ingr_id) VALUES(5,154);
INSERT INTO PRODUCTINGREDIENT_REL(product_id, ingr_id) VALUES(5,155);
INSERT INTO PRODUCTINGREDIENT_REL(product_id, ingr_id) VALUES(5,156);
INSERT INTO PRODUCTINGREDIENT_REL(product_id, ingr_id) VALUES(5,157);
INSERT INTO PRODUCTINGREDIENT_REL(product_id, ingr_id) VALUES(5,158);
INSERT INTO PRODUCTINGREDIENT_REL(product_id, ingr_id) VALUES(5,159);
INSERT INTO PRODUCTINGREDIENT_REL(product_id, ingr_id) VALUES(5,160);
INSERT INTO PRODUCTINGREDIENT_REL(product_id, ingr_id) VALUES(5,161);
INSERT INTO PRODUCTINGREDIENT_REL(product_id, ingr_id) VALUES(5,179);
INSERT INTO PRODUCTINGREDIENT_REL(product_id, ingr_id) VALUES(5,78);
INSERT INTO PRODUCTINGREDIENT_REL(product_id, ingr_id) VALUES(5,180);
INSERT INTO PRODUCTINGREDIENT_REL(product_id, ingr_id) VALUES(6,57);
INSERT INTO PRODUCTINGREDIENT_REL(product_id, ingr_id) VALUES(6,121);
INSERT INTO PRODUCTINGREDIENT_REL(product_id, ingr_id) VALUES(6,208);
INSERT INTO PRODUCTINGREDIENT_REL(product_id, ingr_id) VALUES(6,133);
INSERT INTO PRODUCTINGREDIENT_REL(product_id, ingr_id) VALUES(6,66);
INSERT INTO PRODUCTINGREDIENT_REL(product_id, ingr_id) VALUES(6,183);
INSERT INTO PRODUCTINGREDIENT_REL(product_id, ingr_id) VALUES(6,59);
INSERT INTO PRODUCTINGREDIENT_REL(product_id, ingr_id) VALUES(6,137);
INSERT INTO PRODUCTINGREDIENT_REL(product_id, ingr_id) VALUES(6,126);
INSERT INTO PRODUCTINGREDIENT_REL(product_id, ingr_id) VALUES(6,209);
INSERT INTO PRODUCTINGREDIENT_REL(product_id, ingr_id) VALUES(6,210);
INSERT INTO PRODUCTINGREDIENT_REL(product_id, ingr_id) VALUES(6,98);
INSERT INTO PRODUCTINGREDIENT_REL(product_id, ingr_id) VALUES(6,73);
INSERT INTO PRODUCTINGREDIENT_REL(product_id, ingr_id) VALUES(6,211);
INSERT INTO PRODUCTINGREDIENT_REL(product_id, ingr_id) VALUES(6,92);
INSERT INTO PRODUCTINGREDIENT_REL(product_id, ingr_id) VALUES(6,212);
INSERT INTO PRODUCTINGREDIENT_REL(product_id, ingr_id) VALUES(6,186);
INSERT INTO PRODUCTINGREDIENT_REL(product_id, ingr_id) VALUES(6,213);
INSERT INTO PRODUCTINGREDIENT_REL(product_id, ingr_id) VALUES(6,222);
INSERT INTO PRODUCTINGREDIENT_REL(product_id, ingr_id) VALUES(6,214);
INSERT INTO PRODUCTINGREDIENT_REL(product_id, ingr_id) VALUES(6,215);
INSERT INTO PRODUCTINGREDIENT_REL(product_id, ingr_id) VALUES(6,216);
INSERT INTO PRODUCTINGREDIENT_REL(product_id, ingr_id) VALUES(6,135);
INSERT INTO PRODUCTINGREDIENT_REL(product_id, ingr_id) VALUES(6,113);
INSERT INTO PRODUCTINGREDIENT_REL(product_id, ingr_id) VALUES(6,68);
INSERT INTO PRODUCTINGREDIENT_REL(product_id, ingr_id) VALUES(6,136);
INSERT INTO PRODUCTINGREDIENT_REL(product_id, ingr_id) VALUES(6,111);
INSERT INTO PRODUCTINGREDIENT_REL(product_id, ingr_id) VALUES(6,60);
INSERT INTO PRODUCTINGREDIENT_REL(product_id, ingr_id) VALUES(6,217);
INSERT INTO PRODUCTINGREDIENT_REL(product_id, ingr_id) VALUES(6,77);
INSERT INTO PRODUCTINGREDIENT_REL(product_id, ingr_id) VALUES(6,218);
INSERT INTO PRODUCTINGREDIENT_REL(product_id, ingr_id) VALUES(6,219);
INSERT INTO PRODUCTINGREDIENT_REL(product_id, ingr_id) VALUES(6,223);
INSERT INTO PRODUCTINGREDIENT_REL(product_id, ingr_id) VALUES(6,220);
INSERT INTO PRODUCTINGREDIENT_REL(product_id, ingr_id) VALUES(6,80);
INSERT INTO PRODUCTINGREDIENT_REL(product_id, ingr_id) VALUES(6,221);
INSERT INTO PRODUCTINGREDIENT_REL(product_id, ingr_id) VALUES(6,54);
INSERT INTO PRODUCTINGREDIENT_REL(product_id, ingr_id) VALUES(6,118);
INSERT INTO PRODUCTINGREDIENT_REL(product_id, ingr_id) VALUES(6,117);
INSERT INTO PRODUCTINGREDIENT_REL(product_id, ingr_id) VALUES(6,119);
INSERT INTO PRODUCTINGREDIENT_REL(product_id, ingr_id) VALUES(7,57);
INSERT INTO PRODUCTINGREDIENT_REL(product_id, ingr_id) VALUES(7,137);
INSERT INTO PRODUCTINGREDIENT_REL(product_id, ingr_id) VALUES(7,165);
INSERT INTO PRODUCTINGREDIENT_REL(product_id, ingr_id) VALUES(7,59);
INSERT INTO PRODUCTINGREDIENT_REL(product_id, ingr_id) VALUES(7,92);
INSERT INTO PRODUCTINGREDIENT_REL(product_id, ingr_id) VALUES(7,139);
INSERT INTO PRODUCTINGREDIENT_REL(product_id, ingr_id) VALUES(7,224);
INSERT INTO PRODUCTINGREDIENT_REL(product_id, ingr_id) VALUES(7,225);
INSERT INTO PRODUCTINGREDIENT_REL(product_id, ingr_id) VALUES(7,58);
INSERT INTO PRODUCTINGREDIENT_REL(product_id, ingr_id) VALUES(7,226);
INSERT INTO PRODUCTINGREDIENT_REL(product_id, ingr_id) VALUES(7,227);
INSERT INTO PRODUCTINGREDIENT_REL(product_id, ingr_id) VALUES(7,228);
INSERT INTO PRODUCTINGREDIENT_REL(product_id, ingr_id) VALUES(7,80);
INSERT INTO PRODUCTINGREDIENT_REL(product_id, ingr_id) VALUES(7,186);
INSERT INTO PRODUCTINGREDIENT_REL(product_id, ingr_id) VALUES(7,229);
INSERT INTO PRODUCTINGREDIENT_REL(product_id, ingr_id) VALUES(7,230);
INSERT INTO PRODUCTINGREDIENT_REL(product_id, ingr_id) VALUES(7,178);
INSERT INTO PRODUCTINGREDIENT_REL(product_id, ingr_id) VALUES(7,231);
INSERT INTO PRODUCTINGREDIENT_REL(product_id, ingr_id) VALUES(7,218);
INSERT INTO PRODUCTINGREDIENT_REL(product_id, ingr_id) VALUES(7,176);
INSERT INTO PRODUCTINGREDIENT_REL(product_id, ingr_id) VALUES(7,219);
INSERT INTO PRODUCTINGREDIENT_REL(product_id, ingr_id) VALUES(7,202);
INSERT INTO PRODUCTINGREDIENT_REL(product_id, ingr_id) VALUES(7,232);
INSERT INTO PRODUCTINGREDIENT_REL(product_id, ingr_id) VALUES(7,233);
INSERT INTO PRODUCTINGREDIENT_REL(product_id, ingr_id) VALUES(7,234);
INSERT INTO PRODUCTINGREDIENT_REL(product_id, ingr_id) VALUES(7,235);
INSERT INTO PRODUCTINGREDIENT_REL(product_id, ingr_id) VALUES(7,236);
INSERT INTO PRODUCTINGREDIENT_REL(product_id, ingr_id) VALUES(7,237);
INSERT INTO PRODUCTINGREDIENT_REL(product_id, ingr_id) VALUES(7,238);
INSERT INTO PRODUCTINGREDIENT_REL(product_id, ingr_id) VALUES(7,239);
INSERT INTO PRODUCTINGREDIENT_REL(product_id, ingr_id) VALUES(7,86);
INSERT INTO PRODUCTINGREDIENT_REL(product_id, ingr_id) VALUES(7,66);
INSERT INTO PRODUCTINGREDIENT_REL(product_id, ingr_id) VALUES(7,87);
INSERT INTO PRODUCTINGREDIENT_REL(product_id, ingr_id) VALUES(7,240);
INSERT INTO PRODUCTINGREDIENT_REL(product_id, ingr_id) VALUES(7,241);
INSERT INTO PRODUCTINGREDIENT_REL(product_id, ingr_id) VALUES(7,242);
INSERT INTO PRODUCTINGREDIENT_REL(product_id, ingr_id) VALUES(7,243);
INSERT INTO PRODUCTINGREDIENT_REL(product_id, ingr_id) VALUES(7,193);
INSERT INTO PRODUCTINGREDIENT_REL(product_id, ingr_id) VALUES(7,244);
INSERT INTO PRODUCTINGREDIENT_REL(product_id, ingr_id) VALUES(7,245);
INSERT INTO PRODUCTINGREDIENT_REL(product_id, ingr_id) VALUES(7,246);
INSERT INTO PRODUCTINGREDIENT_REL(product_id, ingr_id) VALUES(7,247);
INSERT INTO PRODUCTINGREDIENT_REL(product_id, ingr_id) VALUES(7,248);
INSERT INTO PRODUCTINGREDIENT_REL(product_id, ingr_id) VALUES(7,249);
INSERT INTO PRODUCTINGREDIENT_REL(product_id, ingr_id) VALUES(7,250);
INSERT INTO PRODUCTINGREDIENT_REL(product_id, ingr_id) VALUES(7,251);
INSERT INTO PRODUCTINGREDIENT_REL(product_id, ingr_id) VALUES(7,203);
INSERT INTO PRODUCTINGREDIENT_REL(product_id, ingr_id) VALUES(7,252);
INSERT INTO PRODUCTINGREDIENT_REL(product_id, ingr_id) VALUES(7,253);
INSERT INTO PRODUCTINGREDIENT_REL(product_id, ingr_id) VALUES(7,254);
INSERT INTO PRODUCTINGREDIENT_REL(product_id, ingr_id) VALUES(7,255);
INSERT INTO PRODUCTINGREDIENT_REL(product_id, ingr_id) VALUES(7,220);
INSERT INTO PRODUCTINGREDIENT_REL(product_id, ingr_id) VALUES(7,256);
INSERT INTO PRODUCTINGREDIENT_REL(product_id, ingr_id) VALUES(7,257);
INSERT INTO PRODUCTINGREDIENT_REL(product_id, ingr_id) VALUES(8,57);
INSERT INTO PRODUCTINGREDIENT_REL(product_id, ingr_id) VALUES(8,196);
INSERT INTO PRODUCTINGREDIENT_REL(product_id, ingr_id) VALUES(8,258);
INSERT INTO PRODUCTINGREDIENT_REL(product_id, ingr_id) VALUES(8,259);
INSERT INTO PRODUCTINGREDIENT_REL(product_id, ingr_id) VALUES(8,260);
INSERT INTO PRODUCTINGREDIENT_REL(product_id, ingr_id) VALUES(8,261);
INSERT INTO PRODUCTINGREDIENT_REL(product_id, ingr_id) VALUES(8,76);
INSERT INTO PRODUCTINGREDIENT_REL(product_id, ingr_id) VALUES(8,165);
INSERT INTO PRODUCTINGREDIENT_REL(product_id, ingr_id) VALUES(8,262);
INSERT INTO PRODUCTINGREDIENT_REL(product_id, ingr_id) VALUES(8,263);
INSERT INTO PRODUCTINGREDIENT_REL(product_id, ingr_id) VALUES(8,88);
INSERT INTO PRODUCTINGREDIENT_REL(product_id, ingr_id) VALUES(8,264);
INSERT INTO PRODUCTINGREDIENT_REL(product_id, ingr_id) VALUES(8,276);
INSERT INTO PRODUCTINGREDIENT_REL(product_id, ingr_id) VALUES(8,265);
INSERT INTO PRODUCTINGREDIENT_REL(product_id, ingr_id) VALUES(8,48);
INSERT INTO PRODUCTINGREDIENT_REL(product_id, ingr_id) VALUES(8,98);
INSERT INTO PRODUCTINGREDIENT_REL(product_id, ingr_id) VALUES(8,121);
INSERT INTO PRODUCTINGREDIENT_REL(product_id, ingr_id) VALUES(8,69);
INSERT INTO PRODUCTINGREDIENT_REL(product_id, ingr_id) VALUES(8,266);
INSERT INTO PRODUCTINGREDIENT_REL(product_id, ingr_id) VALUES(8,103);
INSERT INTO PRODUCTINGREDIENT_REL(product_id, ingr_id) VALUES(8,267);
INSERT INTO PRODUCTINGREDIENT_REL(product_id, ingr_id) VALUES(8,117);
INSERT INTO PRODUCTINGREDIENT_REL(product_id, ingr_id) VALUES(8,119);
INSERT INTO PRODUCTINGREDIENT_REL(product_id, ingr_id) VALUES(8,54);
INSERT INTO PRODUCTINGREDIENT_REL(product_id, ingr_id) VALUES(8,268);
INSERT INTO PRODUCTINGREDIENT_REL(product_id, ingr_id) VALUES(8,118);
INSERT INTO PRODUCTINGREDIENT_REL(product_id, ingr_id) VALUES(8,53);
INSERT INTO PRODUCTINGREDIENT_REL(product_id, ingr_id) VALUES(8,219);
INSERT INTO PRODUCTINGREDIENT_REL(product_id, ingr_id) VALUES(8,116);
INSERT INTO PRODUCTINGREDIENT_REL(product_id, ingr_id) VALUES(8,279);
INSERT INTO PRODUCTINGREDIENT_REL(product_id, ingr_id) VALUES(8,269);
INSERT INTO PRODUCTINGREDIENT_REL(product_id, ingr_id) VALUES(8,80);
INSERT INTO PRODUCTINGREDIENT_REL(product_id, ingr_id) VALUES(8,277);
INSERT INTO PRODUCTINGREDIENT_REL(product_id, ingr_id) VALUES(8,270);
INSERT INTO PRODUCTINGREDIENT_REL(product_id, ingr_id) VALUES(8,120);
INSERT INTO PRODUCTINGREDIENT_REL(product_id, ingr_id) VALUES(8,114);
INSERT INTO PRODUCTINGREDIENT_REL(product_id, ingr_id) VALUES(8,271);
INSERT INTO PRODUCTINGREDIENT_REL(product_id, ingr_id) VALUES(8,272);
INSERT INTO PRODUCTINGREDIENT_REL(product_id, ingr_id) VALUES(8,278);
INSERT INTO PRODUCTINGREDIENT_REL(product_id, ingr_id) VALUES(8,58);
INSERT INTO PRODUCTINGREDIENT_REL(product_id, ingr_id) VALUES(8,92);
INSERT INTO PRODUCTINGREDIENT_REL(product_id, ingr_id) VALUES(8,273);
INSERT INTO PRODUCTINGREDIENT_REL(product_id, ingr_id) VALUES(8,240);
INSERT INTO PRODUCTINGREDIENT_REL(product_id, ingr_id) VALUES(8,241);
INSERT INTO PRODUCTINGREDIENT_REL(product_id, ingr_id) VALUES(8,256);
INSERT INTO PRODUCTINGREDIENT_REL(product_id, ingr_id) VALUES(8,274);
INSERT INTO PRODUCTINGREDIENT_REL(product_id, ingr_id) VALUES(8,186);
INSERT INTO PRODUCTINGREDIENT_REL(product_id, ingr_id) VALUES(8,220);
INSERT INTO PRODUCTINGREDIENT_REL(product_id, ingr_id) VALUES(8,203);
INSERT INTO PRODUCTINGREDIENT_REL(product_id, ingr_id) VALUES(8,275);
INSERT INTO PRODUCTINGREDIENT_REL(product_id, ingr_id) VALUES(8,257);
INSERT INTO PRODUCTINGREDIENT_REL(product_id, ingr_id) VALUES(9,57);
INSERT INTO PRODUCTINGREDIENT_REL(product_id, ingr_id) VALUES(9,196);
INSERT INTO PRODUCTINGREDIENT_REL(product_id, ingr_id) VALUES(9,258);
INSERT INTO PRODUCTINGREDIENT_REL(product_id, ingr_id) VALUES(9,259);
INSERT INTO PRODUCTINGREDIENT_REL(product_id, ingr_id) VALUES(9,260);
INSERT INTO PRODUCTINGREDIENT_REL(product_id, ingr_id) VALUES(9,261);
INSERT INTO PRODUCTINGREDIENT_REL(product_id, ingr_id) VALUES(9,76);
INSERT INTO PRODUCTINGREDIENT_REL(product_id, ingr_id) VALUES(9,165);
INSERT INTO PRODUCTINGREDIENT_REL(product_id, ingr_id) VALUES(9,262);
INSERT INTO PRODUCTINGREDIENT_REL(product_id, ingr_id) VALUES(9,263);
INSERT INTO PRODUCTINGREDIENT_REL(product_id, ingr_id) VALUES(9,88);
INSERT INTO PRODUCTINGREDIENT_REL(product_id, ingr_id) VALUES(9,264);
INSERT INTO PRODUCTINGREDIENT_REL(product_id, ingr_id) VALUES(9,276);
INSERT INTO PRODUCTINGREDIENT_REL(product_id, ingr_id) VALUES(9,48);
INSERT INTO PRODUCTINGREDIENT_REL(product_id, ingr_id) VALUES(9,265);
INSERT INTO PRODUCTINGREDIENT_REL(product_id, ingr_id) VALUES(9,98);
INSERT INTO PRODUCTINGREDIENT_REL(product_id, ingr_id) VALUES(9,121);
INSERT INTO PRODUCTINGREDIENT_REL(product_id, ingr_id) VALUES(9,69);
INSERT INTO PRODUCTINGREDIENT_REL(product_id, ingr_id) VALUES(9,266);
INSERT INTO PRODUCTINGREDIENT_REL(product_id, ingr_id) VALUES(9,103);
INSERT INTO PRODUCTINGREDIENT_REL(product_id, ingr_id) VALUES(9,267);
INSERT INTO PRODUCTINGREDIENT_REL(product_id, ingr_id) VALUES(9,117);
INSERT INTO PRODUCTINGREDIENT_REL(product_id, ingr_id) VALUES(9,119);
INSERT INTO PRODUCTINGREDIENT_REL(product_id, ingr_id) VALUES(9,54);
INSERT INTO PRODUCTINGREDIENT_REL(product_id, ingr_id) VALUES(9,118);
INSERT INTO PRODUCTINGREDIENT_REL(product_id, ingr_id) VALUES(9,268);
INSERT INTO PRODUCTINGREDIENT_REL(product_id, ingr_id) VALUES(9,219);
INSERT INTO PRODUCTINGREDIENT_REL(product_id, ingr_id) VALUES(9,80);
INSERT INTO PRODUCTINGREDIENT_REL(product_id, ingr_id) VALUES(9,279);
INSERT INTO PRODUCTINGREDIENT_REL(product_id, ingr_id) VALUES(9,116);
INSERT INTO PRODUCTINGREDIENT_REL(product_id, ingr_id) VALUES(9,53);
INSERT INTO PRODUCTINGREDIENT_REL(product_id, ingr_id) VALUES(9,269);
INSERT INTO PRODUCTINGREDIENT_REL(product_id, ingr_id) VALUES(9,270);
INSERT INTO PRODUCTINGREDIENT_REL(product_id, ingr_id) VALUES(9,280);
INSERT INTO PRODUCTINGREDIENT_REL(product_id, ingr_id) VALUES(9,114);
INSERT INTO PRODUCTINGREDIENT_REL(product_id, ingr_id) VALUES(9,120);
INSERT INTO PRODUCTINGREDIENT_REL(product_id, ingr_id) VALUES(9,271);
INSERT INTO PRODUCTINGREDIENT_REL(product_id, ingr_id) VALUES(9,272);
INSERT INTO PRODUCTINGREDIENT_REL(product_id, ingr_id) VALUES(9,278);
INSERT INTO PRODUCTINGREDIENT_REL(product_id, ingr_id) VALUES(9,58);
INSERT INTO PRODUCTINGREDIENT_REL(product_id, ingr_id) VALUES(9,92);
INSERT INTO PRODUCTINGREDIENT_REL(product_id, ingr_id) VALUES(9,273);
INSERT INTO PRODUCTINGREDIENT_REL(product_id, ingr_id) VALUES(9,240);
INSERT INTO PRODUCTINGREDIENT_REL(product_id, ingr_id) VALUES(9,241);
INSERT INTO PRODUCTINGREDIENT_REL(product_id, ingr_id) VALUES(9,256);
INSERT INTO PRODUCTINGREDIENT_REL(product_id, ingr_id) VALUES(9,274);
INSERT INTO PRODUCTINGREDIENT_REL(product_id, ingr_id) VALUES(9,186);
INSERT INTO PRODUCTINGREDIENT_REL(product_id, ingr_id) VALUES(9,220);
INSERT INTO PRODUCTINGREDIENT_REL(product_id, ingr_id) VALUES(9,203);
INSERT INTO PRODUCTINGREDIENT_REL(product_id, ingr_id) VALUES(9,275);
INSERT INTO PRODUCTINGREDIENT_REL(product_id, ingr_id) VALUES(9,257);
INSERT INTO PRODUCTINGREDIENT_REL(product_id, ingr_id) VALUES(10,57);
INSERT INTO PRODUCTINGREDIENT_REL(product_id, ingr_id) VALUES(10,58);
INSERT INTO PRODUCTINGREDIENT_REL(product_id, ingr_id) VALUES(10,59);
INSERT INTO PRODUCTINGREDIENT_REL(product_id, ingr_id) VALUES(10,175);
INSERT INTO PRODUCTINGREDIENT_REL(product_id, ingr_id) VALUES(10,92);
INSERT INTO PRODUCTINGREDIENT_REL(product_id, ingr_id) VALUES(10,139);
INSERT INTO PRODUCTINGREDIENT_REL(product_id, ingr_id) VALUES(10,186);
INSERT INTO PRODUCTINGREDIENT_REL(product_id, ingr_id) VALUES(10,240);
INSERT INTO PRODUCTINGREDIENT_REL(product_id, ingr_id) VALUES(10,257);
INSERT INTO PRODUCTINGREDIENT_REL(product_id, ingr_id) VALUES(10,203);
INSERT INTO PRODUCTINGREDIENT_REL(product_id, ingr_id) VALUES(10,241);
INSERT INTO PRODUCTINGREDIENT_REL(product_id, ingr_id) VALUES(10,172);
INSERT INTO PRODUCTINGREDIENT_REL(product_id, ingr_id) VALUES(10,195);
INSERT INTO PRODUCTINGREDIENT_REL(product_id, ingr_id) VALUES(10,63);
INSERT INTO PRODUCTINGREDIENT_REL(product_id, ingr_id) VALUES(10,137);
INSERT INTO PRODUCTINGREDIENT_REL(product_id, ingr_id) VALUES(10,443);
INSERT INTO PRODUCTINGREDIENT_REL(product_id, ingr_id) VALUES(10,282);
INSERT INTO PRODUCTINGREDIENT_REL(product_id, ingr_id) VALUES(10,146);
INSERT INTO PRODUCTINGREDIENT_REL(product_id, ingr_id) VALUES(10,200);
INSERT INTO PRODUCTINGREDIENT_REL(product_id, ingr_id) VALUES(10,85);
INSERT INTO PRODUCTINGREDIENT_REL(product_id, ingr_id) VALUES(10,255);
INSERT INTO PRODUCTINGREDIENT_REL(product_id, ingr_id) VALUES(10,234);
INSERT INTO PRODUCTINGREDIENT_REL(product_id, ingr_id) VALUES(10,72);
INSERT INTO PRODUCTINGREDIENT_REL(product_id, ingr_id) VALUES(10,165);
INSERT INTO PRODUCTINGREDIENT_REL(product_id, ingr_id) VALUES(10,173);
INSERT INTO PRODUCTINGREDIENT_REL(product_id, ingr_id) VALUES(10,283);
INSERT INTO PRODUCTINGREDIENT_REL(product_id, ingr_id) VALUES(10,192);
INSERT INTO PRODUCTINGREDIENT_REL(product_id, ingr_id) VALUES(10,227);
INSERT INTO PRODUCTINGREDIENT_REL(product_id, ingr_id) VALUES(10,81);
INSERT INTO PRODUCTINGREDIENT_REL(product_id, ingr_id) VALUES(10,78);
INSERT INTO PRODUCTINGREDIENT_REL(product_id, ingr_id) VALUES(10,80);
INSERT INTO PRODUCTINGREDIENT_REL(product_id, ingr_id) VALUES(10,284);
INSERT INTO PRODUCTINGREDIENT_REL(product_id, ingr_id) VALUES(10,285);
INSERT INTO PRODUCTINGREDIENT_REL(product_id, ingr_id) VALUES(11,286);
INSERT INTO PRODUCTINGREDIENT_REL(product_id, ingr_id) VALUES(11,57);
INSERT INTO PRODUCTINGREDIENT_REL(product_id, ingr_id) VALUES(11,92);
INSERT INTO PRODUCTINGREDIENT_REL(product_id, ingr_id) VALUES(11,59);
INSERT INTO PRODUCTINGREDIENT_REL(product_id, ingr_id) VALUES(11,63);
INSERT INTO PRODUCTINGREDIENT_REL(product_id, ingr_id) VALUES(11,58);
INSERT INTO PRODUCTINGREDIENT_REL(product_id, ingr_id) VALUES(11,287);
INSERT INTO PRODUCTINGREDIENT_REL(product_id, ingr_id) VALUES(11,139);
INSERT INTO PRODUCTINGREDIENT_REL(product_id, ingr_id) VALUES(11,169);
INSERT INTO PRODUCTINGREDIENT_REL(product_id, ingr_id) VALUES(11,81);
INSERT INTO PRODUCTINGREDIENT_REL(product_id, ingr_id) VALUES(11,144);
INSERT INTO PRODUCTINGREDIENT_REL(product_id, ingr_id) VALUES(11,288);
INSERT INTO PRODUCTINGREDIENT_REL(product_id, ingr_id) VALUES(11,289);
INSERT INTO PRODUCTINGREDIENT_REL(product_id, ingr_id) VALUES(11,281);
INSERT INTO PRODUCTINGREDIENT_REL(product_id, ingr_id) VALUES(11,290);
INSERT INTO PRODUCTINGREDIENT_REL(product_id, ingr_id) VALUES(11,291);
INSERT INTO PRODUCTINGREDIENT_REL(product_id, ingr_id) VALUES(11,186);
INSERT INTO PRODUCTINGREDIENT_REL(product_id, ingr_id) VALUES(11,220);
INSERT INTO PRODUCTINGREDIENT_REL(product_id, ingr_id) VALUES(11,257);
INSERT INTO PRODUCTINGREDIENT_REL(product_id, ingr_id) VALUES(11,240);
INSERT INTO PRODUCTINGREDIENT_REL(product_id, ingr_id) VALUES(11,256);
INSERT INTO PRODUCTINGREDIENT_REL(product_id, ingr_id) VALUES(11,203);
INSERT INTO PRODUCTINGREDIENT_REL(product_id, ingr_id) VALUES(11,274);
INSERT INTO PRODUCTINGREDIENT_REL(product_id, ingr_id) VALUES(11,79);
INSERT INTO PRODUCTINGREDIENT_REL(product_id, ingr_id) VALUES(12,60);
INSERT INTO PRODUCTINGREDIENT_REL(product_id, ingr_id) VALUES(12,217);
INSERT INTO PRODUCTINGREDIENT_REL(product_id, ingr_id) VALUES(12,292);
INSERT INTO PRODUCTINGREDIENT_REL(product_id, ingr_id) VALUES(12,103);
INSERT INTO PRODUCTINGREDIENT_REL(product_id, ingr_id) VALUES(12,128);
INSERT INTO PRODUCTINGREDIENT_REL(product_id, ingr_id) VALUES(12,121);
INSERT INTO PRODUCTINGREDIENT_REL(product_id, ingr_id) VALUES(12,294);
INSERT INTO PRODUCTINGREDIENT_REL(product_id, ingr_id) VALUES(12,295);
INSERT INTO PRODUCTINGREDIENT_REL(product_id, ingr_id) VALUES(12,88);
INSERT INTO PRODUCTINGREDIENT_REL(product_id, ingr_id) VALUES(12,293);
INSERT INTO PRODUCTINGREDIENT_REL(product_id, ingr_id) VALUES(12,77);
INSERT INTO PRODUCTINGREDIENT_REL(product_id, ingr_id) VALUES(12,202);
INSERT INTO PRODUCTINGREDIENT_REL(product_id, ingr_id) VALUES(12,98);
INSERT INTO PRODUCTINGREDIENT_REL(product_id, ingr_id) VALUES(12,54);
INSERT INTO PRODUCTINGREDIENT_REL(product_id, ingr_id) VALUES(12,117);
INSERT INTO PRODUCTINGREDIENT_REL(product_id, ingr_id) VALUES(12,119);
INSERT INTO PRODUCTINGREDIENT_REL(product_id, ingr_id) VALUES(12,277);
INSERT INTO PRODUCTINGREDIENT_REL(product_id, ingr_id) VALUES(12,116);
INSERT INTO PRODUCTINGREDIENT_REL(product_id, ingr_id) VALUES(12,120);
INSERT INTO PRODUCTINGREDIENT_REL(product_id, ingr_id) VALUES(13,133);
INSERT INTO PRODUCTINGREDIENT_REL(product_id, ingr_id) VALUES(13,296);
INSERT INTO PRODUCTINGREDIENT_REL(product_id, ingr_id) VALUES(13,208);
INSERT INTO PRODUCTINGREDIENT_REL(product_id, ingr_id) VALUES(13,121);
INSERT INTO PRODUCTINGREDIENT_REL(product_id, ingr_id) VALUES(13,297);
INSERT INTO PRODUCTINGREDIENT_REL(product_id, ingr_id) VALUES(13,298);
INSERT INTO PRODUCTINGREDIENT_REL(product_id, ingr_id) VALUES(13,118);
INSERT INTO PRODUCTINGREDIENT_REL(product_id, ingr_id) VALUES(13,117);
INSERT INTO PRODUCTINGREDIENT_REL(product_id, ingr_id) VALUES(13,299);
INSERT INTO PRODUCTINGREDIENT_REL(product_id, ingr_id) VALUES(13,119);
INSERT INTO PRODUCTINGREDIENT_REL(product_id, ingr_id) VALUES(13,294);
INSERT INTO PRODUCTINGREDIENT_REL(product_id, ingr_id) VALUES(13,300);
INSERT INTO PRODUCTINGREDIENT_REL(product_id, ingr_id) VALUES(13,98);
INSERT INTO PRODUCTINGREDIENT_REL(product_id, ingr_id) VALUES(13,180);
INSERT INTO PRODUCTINGREDIENT_REL(product_id, ingr_id) VALUES(13,302);
INSERT INTO PRODUCTINGREDIENT_REL(product_id, ingr_id) VALUES(13,136);
INSERT INTO PRODUCTINGREDIENT_REL(product_id, ingr_id) VALUES(13,301);
INSERT INTO PRODUCTINGREDIENT_REL(product_id, ingr_id) VALUES(13,60);
INSERT INTO PRODUCTINGREDIENT_REL(product_id, ingr_id) VALUES(14,57);
INSERT INTO PRODUCTINGREDIENT_REL(product_id, ingr_id) VALUES(14,208);
INSERT INTO PRODUCTINGREDIENT_REL(product_id, ingr_id) VALUES(14,296);
INSERT INTO PRODUCTINGREDIENT_REL(product_id, ingr_id) VALUES(14,303);
INSERT INTO PRODUCTINGREDIENT_REL(product_id, ingr_id) VALUES(14,66);
INSERT INTO PRODUCTINGREDIENT_REL(product_id, ingr_id) VALUES(14,258);
INSERT INTO PRODUCTINGREDIENT_REL(product_id, ingr_id) VALUES(14,133);
INSERT INTO PRODUCTINGREDIENT_REL(product_id, ingr_id) VALUES(14,126);
INSERT INTO PRODUCTINGREDIENT_REL(product_id, ingr_id) VALUES(14,121);
INSERT INTO PRODUCTINGREDIENT_REL(product_id, ingr_id) VALUES(14,58);
INSERT INTO PRODUCTINGREDIENT_REL(product_id, ingr_id) VALUES(14,304);
INSERT INTO PRODUCTINGREDIENT_REL(product_id, ingr_id) VALUES(14,321);
INSERT INTO PRODUCTINGREDIENT_REL(product_id, ingr_id) VALUES(14,139);
INSERT INTO PRODUCTINGREDIENT_REL(product_id, ingr_id) VALUES(14,211);
INSERT INTO PRODUCTINGREDIENT_REL(product_id, ingr_id) VALUES(14,210);
INSERT INTO PRODUCTINGREDIENT_REL(product_id, ingr_id) VALUES(14,135);
INSERT INTO PRODUCTINGREDIENT_REL(product_id, ingr_id) VALUES(14,322);
INSERT INTO PRODUCTINGREDIENT_REL(product_id, ingr_id) VALUES(14,136);
INSERT INTO PRODUCTINGREDIENT_REL(product_id, ingr_id) VALUES(14,92);
INSERT INTO PRODUCTINGREDIENT_REL(product_id, ingr_id) VALUES(14,214);
INSERT INTO PRODUCTINGREDIENT_REL(product_id, ingr_id) VALUES(14,305);
INSERT INTO PRODUCTINGREDIENT_REL(product_id, ingr_id) VALUES(14,68);
INSERT INTO PRODUCTINGREDIENT_REL(product_id, ingr_id) VALUES(14,306);
INSERT INTO PRODUCTINGREDIENT_REL(product_id, ingr_id) VALUES(14,307);
INSERT INTO PRODUCTINGREDIENT_REL(product_id, ingr_id) VALUES(14,67);
INSERT INTO PRODUCTINGREDIENT_REL(product_id, ingr_id) VALUES(14,308);
INSERT INTO PRODUCTINGREDIENT_REL(product_id, ingr_id) VALUES(14,309);
INSERT INTO PRODUCTINGREDIENT_REL(product_id, ingr_id) VALUES(14,310);
INSERT INTO PRODUCTINGREDIENT_REL(product_id, ingr_id) VALUES(14,218);
INSERT INTO PRODUCTINGREDIENT_REL(product_id, ingr_id) VALUES(14,311);
INSERT INTO PRODUCTINGREDIENT_REL(product_id, ingr_id) VALUES(14,323);
INSERT INTO PRODUCTINGREDIENT_REL(product_id, ingr_id) VALUES(14,113);
INSERT INTO PRODUCTINGREDIENT_REL(product_id, ingr_id) VALUES(14,238);
INSERT INTO PRODUCTINGREDIENT_REL(product_id, ingr_id) VALUES(14,88);
INSERT INTO PRODUCTINGREDIENT_REL(product_id, ingr_id) VALUES(14,80);
INSERT INTO PRODUCTINGREDIENT_REL(product_id, ingr_id) VALUES(14,312);
INSERT INTO PRODUCTINGREDIENT_REL(product_id, ingr_id) VALUES(14,223);
INSERT INTO PRODUCTINGREDIENT_REL(product_id, ingr_id) VALUES(14,313);
INSERT INTO PRODUCTINGREDIENT_REL(product_id, ingr_id) VALUES(14,314);
INSERT INTO PRODUCTINGREDIENT_REL(product_id, ingr_id) VALUES(14,315);
INSERT INTO PRODUCTINGREDIENT_REL(product_id, ingr_id) VALUES(14,316);
INSERT INTO PRODUCTINGREDIENT_REL(product_id, ingr_id) VALUES(14,54);
INSERT INTO PRODUCTINGREDIENT_REL(product_id, ingr_id) VALUES(14,317);
INSERT INTO PRODUCTINGREDIENT_REL(product_id, ingr_id) VALUES(14,110);
INSERT INTO PRODUCTINGREDIENT_REL(product_id, ingr_id) VALUES(14,105);
INSERT INTO PRODUCTINGREDIENT_REL(product_id, ingr_id) VALUES(14,318);
INSERT INTO PRODUCTINGREDIENT_REL(product_id, ingr_id) VALUES(14,319);
INSERT INTO PRODUCTINGREDIENT_REL(product_id, ingr_id) VALUES(14,320);
INSERT INTO PRODUCTINGREDIENT_REL(product_id, ingr_id) VALUES(14,118);
INSERT INTO PRODUCTINGREDIENT_REL(product_id, ingr_id) VALUES(14,117);
INSERT INTO PRODUCTINGREDIENT_REL(product_id, ingr_id) VALUES(14,119);
INSERT INTO PRODUCTINGREDIENT_REL(product_id, ingr_id) VALUES(15,57);
INSERT INTO PRODUCTINGREDIENT_REL(product_id, ingr_id) VALUES(15,98);
INSERT INTO PRODUCTINGREDIENT_REL(product_id, ingr_id) VALUES(15,343);
INSERT INTO PRODUCTINGREDIENT_REL(product_id, ingr_id) VALUES(15,324);
INSERT INTO PRODUCTINGREDIENT_REL(product_id, ingr_id) VALUES(15,96);
INSERT INTO PRODUCTINGREDIENT_REL(product_id, ingr_id) VALUES(15,196);
INSERT INTO PRODUCTINGREDIENT_REL(product_id, ingr_id) VALUES(15,325);
INSERT INTO PRODUCTINGREDIENT_REL(product_id, ingr_id) VALUES(15,97);
INSERT INTO PRODUCTINGREDIENT_REL(product_id, ingr_id) VALUES(15,211);
INSERT INTO PRODUCTINGREDIENT_REL(product_id, ingr_id) VALUES(15,259);
INSERT INTO PRODUCTINGREDIENT_REL(product_id, ingr_id) VALUES(15,82);
INSERT INTO PRODUCTINGREDIENT_REL(product_id, ingr_id) VALUES(15,92);
INSERT INTO PRODUCTINGREDIENT_REL(product_id, ingr_id) VALUES(15,59);
INSERT INTO PRODUCTINGREDIENT_REL(product_id, ingr_id) VALUES(15,225);
INSERT INTO PRODUCTINGREDIENT_REL(product_id, ingr_id) VALUES(15,165);
INSERT INTO PRODUCTINGREDIENT_REL(product_id, ingr_id) VALUES(15,121);
INSERT INTO PRODUCTINGREDIENT_REL(product_id, ingr_id) VALUES(15,326);
INSERT INTO PRODUCTINGREDIENT_REL(product_id, ingr_id) VALUES(15,58);
INSERT INTO PRODUCTINGREDIENT_REL(product_id, ingr_id) VALUES(15,191);
INSERT INTO PRODUCTINGREDIENT_REL(product_id, ingr_id) VALUES(15,169);
INSERT INTO PRODUCTINGREDIENT_REL(product_id, ingr_id) VALUES(15,327);
INSERT INTO PRODUCTINGREDIENT_REL(product_id, ingr_id) VALUES(15,93);
INSERT INTO PRODUCTINGREDIENT_REL(product_id, ingr_id) VALUES(15,80);
INSERT INTO PRODUCTINGREDIENT_REL(product_id, ingr_id) VALUES(15,277);
INSERT INTO PRODUCTINGREDIENT_REL(product_id, ingr_id) VALUES(15,61);
INSERT INTO PRODUCTINGREDIENT_REL(product_id, ingr_id) VALUES(15,279);
INSERT INTO PRODUCTINGREDIENT_REL(product_id, ingr_id) VALUES(15,53);
INSERT INTO PRODUCTINGREDIENT_REL(product_id, ingr_id) VALUES(15,328);
INSERT INTO PRODUCTINGREDIENT_REL(product_id, ingr_id) VALUES(15,54);
INSERT INTO PRODUCTINGREDIENT_REL(product_id, ingr_id) VALUES(15,329);
INSERT INTO PRODUCTINGREDIENT_REL(product_id, ingr_id) VALUES(15,330);
INSERT INTO PRODUCTINGREDIENT_REL(product_id, ingr_id) VALUES(15,60);
INSERT INTO PRODUCTINGREDIENT_REL(product_id, ingr_id) VALUES(15,136);
INSERT INTO PRODUCTINGREDIENT_REL(product_id, ingr_id) VALUES(15,202);
INSERT INTO PRODUCTINGREDIENT_REL(product_id, ingr_id) VALUES(15,331);
INSERT INTO PRODUCTINGREDIENT_REL(product_id, ingr_id) VALUES(15,332);
INSERT INTO PRODUCTINGREDIENT_REL(product_id, ingr_id) VALUES(15,120);
INSERT INTO PRODUCTINGREDIENT_REL(product_id, ingr_id) VALUES(15,223);
INSERT INTO PRODUCTINGREDIENT_REL(product_id, ingr_id) VALUES(15,333);
INSERT INTO PRODUCTINGREDIENT_REL(product_id, ingr_id) VALUES(15,86);
INSERT INTO PRODUCTINGREDIENT_REL(product_id, ingr_id) VALUES(15,334);
INSERT INTO PRODUCTINGREDIENT_REL(product_id, ingr_id) VALUES(15,335);
INSERT INTO PRODUCTINGREDIENT_REL(product_id, ingr_id) VALUES(15,336);
INSERT INTO PRODUCTINGREDIENT_REL(product_id, ingr_id) VALUES(15,337);
INSERT INTO PRODUCTINGREDIENT_REL(product_id, ingr_id) VALUES(15,338);
INSERT INTO PRODUCTINGREDIENT_REL(product_id, ingr_id) VALUES(15,339);
INSERT INTO PRODUCTINGREDIENT_REL(product_id, ingr_id) VALUES(15,81);
INSERT INTO PRODUCTINGREDIENT_REL(product_id, ingr_id) VALUES(15,340);
INSERT INTO PRODUCTINGREDIENT_REL(product_id, ingr_id) VALUES(15,341);
INSERT INTO PRODUCTINGREDIENT_REL(product_id, ingr_id) VALUES(15,342);
INSERT INTO PRODUCTINGREDIENT_REL(product_id, ingr_id) VALUES(16,57);
INSERT INTO PRODUCTINGREDIENT_REL(product_id, ingr_id) VALUES(16,59);
INSERT INTO PRODUCTINGREDIENT_REL(product_id, ingr_id) VALUES(16,183);
INSERT INTO PRODUCTINGREDIENT_REL(product_id, ingr_id) VALUES(16,66);
INSERT INTO PRODUCTINGREDIENT_REL(product_id, ingr_id) VALUES(16,63);
INSERT INTO PRODUCTINGREDIENT_REL(product_id, ingr_id) VALUES(16,185);
INSERT INTO PRODUCTINGREDIENT_REL(product_id, ingr_id) VALUES(16,186);
INSERT INTO PRODUCTINGREDIENT_REL(product_id, ingr_id) VALUES(16,240);
INSERT INTO PRODUCTINGREDIENT_REL(product_id, ingr_id) VALUES(16,256);
INSERT INTO PRODUCTINGREDIENT_REL(product_id, ingr_id) VALUES(16,203);
INSERT INTO PRODUCTINGREDIENT_REL(product_id, ingr_id) VALUES(16,253);
INSERT INTO PRODUCTINGREDIENT_REL(product_id, ingr_id) VALUES(16,344);
INSERT INTO PRODUCTINGREDIENT_REL(product_id, ingr_id) VALUES(16,281);
INSERT INTO PRODUCTINGREDIENT_REL(product_id, ingr_id) VALUES(16,354);
INSERT INTO PRODUCTINGREDIENT_REL(product_id, ingr_id) VALUES(16,139);
INSERT INTO PRODUCTINGREDIENT_REL(product_id, ingr_id) VALUES(16,83);
INSERT INTO PRODUCTINGREDIENT_REL(product_id, ingr_id) VALUES(16,85);
INSERT INTO PRODUCTINGREDIENT_REL(product_id, ingr_id) VALUES(16,235);
INSERT INTO PRODUCTINGREDIENT_REL(product_id, ingr_id) VALUES(16,78);
INSERT INTO PRODUCTINGREDIENT_REL(product_id, ingr_id) VALUES(16,345);
INSERT INTO PRODUCTINGREDIENT_REL(product_id, ingr_id) VALUES(16,346);
INSERT INTO PRODUCTINGREDIENT_REL(product_id, ingr_id) VALUES(16,347);
INSERT INTO PRODUCTINGREDIENT_REL(product_id, ingr_id) VALUES(16,348);
INSERT INTO PRODUCTINGREDIENT_REL(product_id, ingr_id) VALUES(16,349);
INSERT INTO PRODUCTINGREDIENT_REL(product_id, ingr_id) VALUES(16,227);
INSERT INTO PRODUCTINGREDIENT_REL(product_id, ingr_id) VALUES(16,350);
INSERT INTO PRODUCTINGREDIENT_REL(product_id, ingr_id) VALUES(16,351);
INSERT INTO PRODUCTINGREDIENT_REL(product_id, ingr_id) VALUES(16,58);
INSERT INTO PRODUCTINGREDIENT_REL(product_id, ingr_id) VALUES(16,92);
INSERT INTO PRODUCTINGREDIENT_REL(product_id, ingr_id) VALUES(16,137);
INSERT INTO PRODUCTINGREDIENT_REL(product_id, ingr_id) VALUES(16,352);
INSERT INTO PRODUCTINGREDIENT_REL(product_id, ingr_id) VALUES(16,284);
INSERT INTO PRODUCTINGREDIENT_REL(product_id, ingr_id) VALUES(16,285);
INSERT INTO PRODUCTINGREDIENT_REL(product_id, ingr_id) VALUES(16,353);
INSERT INTO PRODUCTINGREDIENT_REL(product_id, ingr_id) VALUES(16,87);
INSERT INTO PRODUCTINGREDIENT_REL(product_id, ingr_id) VALUES(16,105);
INSERT INTO PRODUCTINGREDIENT_REL(product_id, ingr_id) VALUES(17,98);
INSERT INTO PRODUCTINGREDIENT_REL(product_id, ingr_id) VALUES(17,295);
INSERT INTO PRODUCTINGREDIENT_REL(product_id, ingr_id) VALUES(17,103);
INSERT INTO PRODUCTINGREDIENT_REL(product_id, ingr_id) VALUES(17,325);
INSERT INTO PRODUCTINGREDIENT_REL(product_id, ingr_id) VALUES(17,370);
INSERT INTO PRODUCTINGREDIENT_REL(product_id, ingr_id) VALUES(17,371);
INSERT INTO PRODUCTINGREDIENT_REL(product_id, ingr_id) VALUES(17,82);
INSERT INTO PRODUCTINGREDIENT_REL(product_id, ingr_id) VALUES(17,92);
INSERT INTO PRODUCTINGREDIENT_REL(product_id, ingr_id) VALUES(17,211);
INSERT INTO PRODUCTINGREDIENT_REL(product_id, ingr_id) VALUES(17,297);
INSERT INTO PRODUCTINGREDIENT_REL(product_id, ingr_id) VALUES(17,116);
INSERT INTO PRODUCTINGREDIENT_REL(product_id, ingr_id) VALUES(17,121);
INSERT INTO PRODUCTINGREDIENT_REL(product_id, ingr_id) VALUES(17,53);
INSERT INTO PRODUCTINGREDIENT_REL(product_id, ingr_id) VALUES(17,372);
INSERT INTO PRODUCTINGREDIENT_REL(product_id, ingr_id) VALUES(17,120);
INSERT INTO PRODUCTINGREDIENT_REL(product_id, ingr_id) VALUES(17,54);
INSERT INTO PRODUCTINGREDIENT_REL(product_id, ingr_id) VALUES(17,373);
INSERT INTO PRODUCTINGREDIENT_REL(product_id, ingr_id) VALUES(17,374);
INSERT INTO PRODUCTINGREDIENT_REL(product_id, ingr_id) VALUES(17,107);
INSERT INTO PRODUCTINGREDIENT_REL(product_id, ingr_id) VALUES(17,223);
INSERT INTO PRODUCTINGREDIENT_REL(product_id, ingr_id) VALUES(17,119);
INSERT INTO PRODUCTINGREDIENT_REL(product_id, ingr_id) VALUES(17,280);
INSERT INTO PRODUCTINGREDIENT_REL(product_id, ingr_id) VALUES(17,277);
INSERT INTO PRODUCTINGREDIENT_REL(product_id, ingr_id) VALUES(18,57);
INSERT INTO PRODUCTINGREDIENT_REL(product_id, ingr_id) VALUES(18,375);
INSERT INTO PRODUCTINGREDIENT_REL(product_id, ingr_id) VALUES(18,139);
INSERT INTO PRODUCTINGREDIENT_REL(product_id, ingr_id) VALUES(18,59);
INSERT INTO PRODUCTINGREDIENT_REL(product_id, ingr_id) VALUES(18,165);
INSERT INTO PRODUCTINGREDIENT_REL(product_id, ingr_id) VALUES(18,376);
INSERT INTO PRODUCTINGREDIENT_REL(product_id, ingr_id) VALUES(18,137);
INSERT INTO PRODUCTINGREDIENT_REL(product_id, ingr_id) VALUES(18,377);
INSERT INTO PRODUCTINGREDIENT_REL(product_id, ingr_id) VALUES(18,378);
INSERT INTO PRODUCTINGREDIENT_REL(product_id, ingr_id) VALUES(18,76);
INSERT INTO PRODUCTINGREDIENT_REL(product_id, ingr_id) VALUES(18,395);
INSERT INTO PRODUCTINGREDIENT_REL(product_id, ingr_id) VALUES(18,396);
INSERT INTO PRODUCTINGREDIENT_REL(product_id, ingr_id) VALUES(18,145);
INSERT INTO PRODUCTINGREDIENT_REL(product_id, ingr_id) VALUES(18,379);
INSERT INTO PRODUCTINGREDIENT_REL(product_id, ingr_id) VALUES(18,268);
INSERT INTO PRODUCTINGREDIENT_REL(product_id, ingr_id) VALUES(18,380);
INSERT INTO PRODUCTINGREDIENT_REL(product_id, ingr_id) VALUES(18,146);
INSERT INTO PRODUCTINGREDIENT_REL(product_id, ingr_id) VALUES(18,381);
INSERT INTO PRODUCTINGREDIENT_REL(product_id, ingr_id) VALUES(18,382);
INSERT INTO PRODUCTINGREDIENT_REL(product_id, ingr_id) VALUES(18,265);
INSERT INTO PRODUCTINGREDIENT_REL(product_id, ingr_id) VALUES(18,383);
INSERT INTO PRODUCTINGREDIENT_REL(product_id, ingr_id) VALUES(18,186);
INSERT INTO PRODUCTINGREDIENT_REL(product_id, ingr_id) VALUES(18,243);
INSERT INTO PRODUCTINGREDIENT_REL(product_id, ingr_id) VALUES(18,218);
INSERT INTO PRODUCTINGREDIENT_REL(product_id, ingr_id) VALUES(18,384);
INSERT INTO PRODUCTINGREDIENT_REL(product_id, ingr_id) VALUES(18,385);
INSERT INTO PRODUCTINGREDIENT_REL(product_id, ingr_id) VALUES(18,386);
INSERT INTO PRODUCTINGREDIENT_REL(product_id, ingr_id) VALUES(18,387);
INSERT INTO PRODUCTINGREDIENT_REL(product_id, ingr_id) VALUES(18,388);
INSERT INTO PRODUCTINGREDIENT_REL(product_id, ingr_id) VALUES(18,389);
INSERT INTO PRODUCTINGREDIENT_REL(product_id, ingr_id) VALUES(18,178);
INSERT INTO PRODUCTINGREDIENT_REL(product_id, ingr_id) VALUES(18,219);
INSERT INTO PRODUCTINGREDIENT_REL(product_id, ingr_id) VALUES(18,390);
INSERT INTO PRODUCTINGREDIENT_REL(product_id, ingr_id) VALUES(18,391);
INSERT INTO PRODUCTINGREDIENT_REL(product_id, ingr_id) VALUES(18,392);
INSERT INTO PRODUCTINGREDIENT_REL(product_id, ingr_id) VALUES(18,393);
INSERT INTO PRODUCTINGREDIENT_REL(product_id, ingr_id) VALUES(18,267);
INSERT INTO PRODUCTINGREDIENT_REL(product_id, ingr_id) VALUES(18,397);
INSERT INTO PRODUCTINGREDIENT_REL(product_id, ingr_id) VALUES(18,394);
INSERT INTO PRODUCTINGREDIENT_REL(product_id, ingr_id) VALUES(18,86);
INSERT INTO PRODUCTINGREDIENT_REL(product_id, ingr_id) VALUES(19,322);
INSERT INTO PRODUCTINGREDIENT_REL(product_id, ingr_id) VALUES(19,298);
INSERT INTO PRODUCTINGREDIENT_REL(product_id, ingr_id) VALUES(19,407);
INSERT INTO PRODUCTINGREDIENT_REL(product_id, ingr_id) VALUES(19,408);
INSERT INTO PRODUCTINGREDIENT_REL(product_id, ingr_id) VALUES(19,88);
INSERT INTO PRODUCTINGREDIENT_REL(product_id, ingr_id) VALUES(19,409);
INSERT INTO PRODUCTINGREDIENT_REL(product_id, ingr_id) VALUES(19,194);
INSERT INTO PRODUCTINGREDIENT_REL(product_id, ingr_id) VALUES(19,415);
INSERT INTO PRODUCTINGREDIENT_REL(product_id, ingr_id) VALUES(19,410);
INSERT INTO PRODUCTINGREDIENT_REL(product_id, ingr_id) VALUES(19,113);
INSERT INTO PRODUCTINGREDIENT_REL(product_id, ingr_id) VALUES(19,411);
INSERT INTO PRODUCTINGREDIENT_REL(product_id, ingr_id) VALUES(19,92);
INSERT INTO PRODUCTINGREDIENT_REL(product_id, ingr_id) VALUES(19,77);
INSERT INTO PRODUCTINGREDIENT_REL(product_id, ingr_id) VALUES(19,136);
INSERT INTO PRODUCTINGREDIENT_REL(product_id, ingr_id) VALUES(19,412);
INSERT INTO PRODUCTINGREDIENT_REL(product_id, ingr_id) VALUES(19,413);
INSERT INTO PRODUCTINGREDIENT_REL(product_id, ingr_id) VALUES(19,119);
INSERT INTO PRODUCTINGREDIENT_REL(product_id, ingr_id) VALUES(19,117);
INSERT INTO PRODUCTINGREDIENT_REL(product_id, ingr_id) VALUES(19,277);
INSERT INTO PRODUCTINGREDIENT_REL(product_id, ingr_id) VALUES(19,414);
INSERT INTO PRODUCTINGREDIENT_REL(product_id, ingr_id) VALUES(20,57);
INSERT INTO PRODUCTINGREDIENT_REL(product_id, ingr_id) VALUES(20,416);
INSERT INTO PRODUCTINGREDIENT_REL(product_id, ingr_id) VALUES(20,417);
INSERT INTO PRODUCTINGREDIENT_REL(product_id, ingr_id) VALUES(20,418);
INSERT INTO PRODUCTINGREDIENT_REL(product_id, ingr_id) VALUES(20,92);
INSERT INTO PRODUCTINGREDIENT_REL(product_id, ingr_id) VALUES(20,58);
INSERT INTO PRODUCTINGREDIENT_REL(product_id, ingr_id) VALUES(20,165);
INSERT INTO PRODUCTINGREDIENT_REL(product_id, ingr_id) VALUES(20,419);
INSERT INTO PRODUCTINGREDIENT_REL(product_id, ingr_id) VALUES(20,420);
INSERT INTO PRODUCTINGREDIENT_REL(product_id, ingr_id) VALUES(20,48);
INSERT INTO PRODUCTINGREDIENT_REL(product_id, ingr_id) VALUES(20,421);
INSERT INTO PRODUCTINGREDIENT_REL(product_id, ingr_id) VALUES(20,279);
INSERT INTO PRODUCTINGREDIENT_REL(product_id, ingr_id) VALUES(20,202);
INSERT INTO PRODUCTINGREDIENT_REL(product_id, ingr_id) VALUES(20,277);
INSERT INTO PRODUCTINGREDIENT_REL(product_id, ingr_id) VALUES(20,120);
INSERT INTO PRODUCTINGREDIENT_REL(product_id, ingr_id) VALUES(20,12);
INSERT INTO PRODUCTINGREDIENT_REL(product_id, ingr_id) VALUES(20,422);
INSERT INTO PRODUCTINGREDIENT_REL(product_id, ingr_id) VALUES(21,165);
INSERT INTO PRODUCTINGREDIENT_REL(product_id, ingr_id) VALUES(21,419);
INSERT INTO PRODUCTINGREDIENT_REL(product_id, ingr_id) VALUES(21,277);
INSERT INTO PRODUCTINGREDIENT_REL(product_id, ingr_id) VALUES(21,48);
INSERT INTO PRODUCTINGREDIENT_REL(product_id, ingr_id) VALUES(21,420);
INSERT INTO PRODUCTINGREDIENT_REL(product_id, ingr_id) VALUES(21,279);
INSERT INTO PRODUCTINGREDIENT_REL(product_id, ingr_id) VALUES(21,421);
INSERT INTO PRODUCTINGREDIENT_REL(product_id, ingr_id) VALUES(21,423);
INSERT INTO PRODUCTINGREDIENT_REL(product_id, ingr_id) VALUES(21,424);
INSERT INTO PRODUCTINGREDIENT_REL(product_id, ingr_id) VALUES(21,202);
INSERT INTO PRODUCTINGREDIENT_REL(product_id, ingr_id) VALUES(21,12);
INSERT INTO PRODUCTINGREDIENT_REL(product_id, ingr_id) VALUES(21,422);
INSERT INTO PRODUCTINGREDIENT_REL(product_id, ingr_id) VALUES(22,57);
INSERT INTO PRODUCTINGREDIENT_REL(product_id, ingr_id) VALUES(22,66);
INSERT INTO PRODUCTINGREDIENT_REL(product_id, ingr_id) VALUES(22,59);
INSERT INTO PRODUCTINGREDIENT_REL(product_id, ingr_id) VALUES(22,165);
INSERT INTO PRODUCTINGREDIENT_REL(product_id, ingr_id) VALUES(22,374);
INSERT INTO PRODUCTINGREDIENT_REL(product_id, ingr_id) VALUES(22,87);
INSERT INTO PRODUCTINGREDIENT_REL(product_id, ingr_id) VALUES(22,425);
INSERT INTO PRODUCTINGREDIENT_REL(product_id, ingr_id) VALUES(22,426);
INSERT INTO PRODUCTINGREDIENT_REL(product_id, ingr_id) VALUES(22,61);
INSERT INTO PRODUCTINGREDIENT_REL(product_id, ingr_id) VALUES(22,78);
INSERT INTO PRODUCTINGREDIENT_REL(product_id, ingr_id) VALUES(22,227);
INSERT INTO PRODUCTINGREDIENT_REL(product_id, ingr_id) VALUES(22,427);
INSERT INTO PRODUCTINGREDIENT_REL(product_id, ingr_id) VALUES(22,85);
INSERT INTO PRODUCTINGREDIENT_REL(product_id, ingr_id) VALUES(23,428);
INSERT INTO PRODUCTINGREDIENT_REL(product_id, ingr_id) VALUES(23,429);
INSERT INTO PRODUCTINGREDIENT_REL(product_id, ingr_id) VALUES(23,58);
INSERT INTO PRODUCTINGREDIENT_REL(product_id, ingr_id) VALUES(23,430);
INSERT INTO PRODUCTINGREDIENT_REL(product_id, ingr_id) VALUES(23,57);
INSERT INTO PRODUCTINGREDIENT_REL(product_id, ingr_id) VALUES(23,73);
INSERT INTO PRODUCTINGREDIENT_REL(product_id, ingr_id) VALUES(23,431);
INSERT INTO PRODUCTINGREDIENT_REL(product_id, ingr_id) VALUES(23,92);
INSERT INTO PRODUCTINGREDIENT_REL(product_id, ingr_id) VALUES(23,59);
INSERT INTO PRODUCTINGREDIENT_REL(product_id, ingr_id) VALUES(23,61);
INSERT INTO PRODUCTINGREDIENT_REL(product_id, ingr_id) VALUES(23,432);
INSERT INTO PRODUCTINGREDIENT_REL(product_id, ingr_id) VALUES(23,433);
INSERT INTO PRODUCTINGREDIENT_REL(product_id, ingr_id) VALUES(23,434);
INSERT INTO PRODUCTINGREDIENT_REL(product_id, ingr_id) VALUES(23,186);
INSERT INTO PRODUCTINGREDIENT_REL(product_id, ingr_id) VALUES(23,139);
INSERT INTO PRODUCTINGREDIENT_REL(product_id, ingr_id) VALUES(23,218);
INSERT INTO PRODUCTINGREDIENT_REL(product_id, ingr_id) VALUES(23,435);
INSERT INTO PRODUCTINGREDIENT_REL(product_id, ingr_id) VALUES(23,227);
INSERT INTO PRODUCTINGREDIENT_REL(product_id, ingr_id) VALUES(23,436);
INSERT INTO PRODUCTINGREDIENT_REL(product_id, ingr_id) VALUES(23,437);
INSERT INTO PRODUCTINGREDIENT_REL(product_id, ingr_id) VALUES(23,71);
INSERT INTO PRODUCTINGREDIENT_REL(product_id, ingr_id) VALUES(23,64);
INSERT INTO PRODUCTINGREDIENT_REL(product_id, ingr_id) VALUES(23,78);
INSERT INTO PRODUCTINGREDIENT_REL(product_id, ingr_id) VALUES(23,81);
INSERT INTO PRODUCTINGREDIENT_REL(product_id, ingr_id) VALUES(23,80);
INSERT INTO PRODUCTINGREDIENT_REL(product_id, ingr_id) VALUES(23,202);
INSERT INTO PRODUCTINGREDIENT_REL(product_id, ingr_id) VALUES(23,438);
INSERT INTO PRODUCTINGREDIENT_REL(product_id, ingr_id) VALUES(23,79);
INSERT INTO PRODUCTINGREDIENT_REL(product_id, ingr_id) VALUES(24,57);
INSERT INTO PRODUCTINGREDIENT_REL(product_id, ingr_id) VALUES(24,439);
INSERT INTO PRODUCTINGREDIENT_REL(product_id, ingr_id) VALUES(24,440);
INSERT INTO PRODUCTINGREDIENT_REL(product_id, ingr_id) VALUES(24,287);
INSERT INTO PRODUCTINGREDIENT_REL(product_id, ingr_id) VALUES(24,59);
INSERT INTO PRODUCTINGREDIENT_REL(product_id, ingr_id) VALUES(24,69);
INSERT INTO PRODUCTINGREDIENT_REL(product_id, ingr_id) VALUES(24,441);
INSERT INTO PRODUCTINGREDIENT_REL(product_id, ingr_id) VALUES(24,182);
INSERT INTO PRODUCTINGREDIENT_REL(product_id, ingr_id) VALUES(24,92);
INSERT INTO PRODUCTINGREDIENT_REL(product_id, ingr_id) VALUES(24,442);
INSERT INTO PRODUCTINGREDIENT_REL(product_id, ingr_id) VALUES(24,443);
INSERT INTO PRODUCTINGREDIENT_REL(product_id, ingr_id) VALUES(24,444);
INSERT INTO PRODUCTINGREDIENT_REL(product_id, ingr_id) VALUES(24,85);
INSERT INTO PRODUCTINGREDIENT_REL(product_id, ingr_id) VALUES(24,240);
INSERT INTO PRODUCTINGREDIENT_REL(product_id, ingr_id) VALUES(24,186);
INSERT INTO PRODUCTINGREDIENT_REL(product_id, ingr_id) VALUES(24,139);
INSERT INTO PRODUCTINGREDIENT_REL(product_id, ingr_id) VALUES(24,86);
INSERT INTO PRODUCTINGREDIENT_REL(product_id, ingr_id) VALUES(24,172);
INSERT INTO PRODUCTINGREDIENT_REL(product_id, ingr_id) VALUES(24,235);
INSERT INTO PRODUCTINGREDIENT_REL(product_id, ingr_id) VALUES(24,80);
INSERT INTO PRODUCTINGREDIENT_REL(product_id, ingr_id) VALUES(24,227);
INSERT INTO PRODUCTINGREDIENT_REL(product_id, ingr_id) VALUES(24,169);
INSERT INTO PRODUCTINGREDIENT_REL(product_id, ingr_id) VALUES(24,445);
INSERT INTO PRODUCTINGREDIENT_REL(product_id, ingr_id) VALUES(24,188);
INSERT INTO PRODUCTINGREDIENT_REL(product_id, ingr_id) VALUES(24,446);
INSERT INTO PRODUCTINGREDIENT_REL(product_id, ingr_id) VALUES(24,386);
INSERT INTO PRODUCTINGREDIENT_REL(product_id, ingr_id) VALUES(24,447);
INSERT INTO PRODUCTINGREDIENT_REL(product_id, ingr_id) VALUES(24,180);
INSERT INTO PRODUCTINGREDIENT_REL(product_id, ingr_id) VALUES(24,76);
INSERT INTO PRODUCTINGREDIENT_REL(product_id, ingr_id) VALUES(24,178);
INSERT INTO PRODUCTINGREDIENT_REL(product_id, ingr_id) VALUES(24,448);
INSERT INTO PRODUCTINGREDIENT_REL(product_id, ingr_id) VALUES(24,449);
INSERT INTO PRODUCTINGREDIENT_REL(product_id, ingr_id) VALUES(25,57);
INSERT INTO PRODUCTINGREDIENT_REL(product_id, ingr_id) VALUES(25,59);
INSERT INTO PRODUCTINGREDIENT_REL(product_id, ingr_id) VALUES(25,411);
INSERT INTO PRODUCTINGREDIENT_REL(product_id, ingr_id) VALUES(25,67);
INSERT INTO PRODUCTINGREDIENT_REL(product_id, ingr_id) VALUES(25,450);
INSERT INTO PRODUCTINGREDIENT_REL(product_id, ingr_id) VALUES(25,451);
INSERT INTO PRODUCTINGREDIENT_REL(product_id, ingr_id) VALUES(25,175);
INSERT INTO PRODUCTINGREDIENT_REL(product_id, ingr_id) VALUES(25,207);
INSERT INTO PRODUCTINGREDIENT_REL(product_id, ingr_id) VALUES(25,452);
INSERT INTO PRODUCTINGREDIENT_REL(product_id, ingr_id) VALUES(25,68);
INSERT INTO PRODUCTINGREDIENT_REL(product_id, ingr_id) VALUES(25,403);
INSERT INTO PRODUCTINGREDIENT_REL(product_id, ingr_id) VALUES(25,437);
INSERT INTO PRODUCTINGREDIENT_REL(product_id, ingr_id) VALUES(25,297);
INSERT INTO PRODUCTINGREDIENT_REL(product_id, ingr_id) VALUES(25,453);
INSERT INTO PRODUCTINGREDIENT_REL(product_id, ingr_id) VALUES(25,454);
INSERT INTO PRODUCTINGREDIENT_REL(product_id, ingr_id) VALUES(25,455);
INSERT INTO PRODUCTINGREDIENT_REL(product_id, ingr_id) VALUES(25,54);
INSERT INTO PRODUCTINGREDIENT_REL(product_id, ingr_id) VALUES(25,131);
INSERT INTO PRODUCTINGREDIENT_REL(product_id, ingr_id) VALUES(25,456);
INSERT INTO PRODUCTINGREDIENT_REL(product_id, ingr_id) VALUES(25,457);
INSERT INTO PRODUCTINGREDIENT_REL(product_id, ingr_id) VALUES(25,14);
INSERT INTO PRODUCTINGREDIENT_REL(product_id, ingr_id) VALUES(25,79);
INSERT INTO PRODUCTINGREDIENT_REL(product_id, ingr_id) VALUES(25,458);
INSERT INTO PRODUCTINGREDIENT_REL(product_id, ingr_id) VALUES(25,461);
INSERT INTO PRODUCTINGREDIENT_REL(product_id, ingr_id) VALUES(25,58);
INSERT INTO PRODUCTINGREDIENT_REL(product_id, ingr_id) VALUES(25,257);
INSERT INTO PRODUCTINGREDIENT_REL(product_id, ingr_id) VALUES(25,459);
INSERT INTO PRODUCTINGREDIENT_REL(product_id, ingr_id) VALUES(25,10);
INSERT INTO PRODUCTINGREDIENT_REL(product_id, ingr_id) VALUES(25,178);
INSERT INTO PRODUCTINGREDIENT_REL(product_id, ingr_id) VALUES(25,460);
INSERT INTO PRODUCTINGREDIENT_REL(product_id, ingr_id) VALUES(25,186);
INSERT INTO PRODUCTINGREDIENT_REL(product_id, ingr_id) VALUES(25,86);
INSERT INTO PRODUCTINGREDIENT_REL(product_id, ingr_id) VALUES(25,105);
INSERT INTO PRODUCTINGREDIENT_REL(product_id, ingr_id) VALUES(26,57);
INSERT INTO PRODUCTINGREDIENT_REL(product_id, ingr_id) VALUES(26,61);
INSERT INTO PRODUCTINGREDIENT_REL(product_id, ingr_id) VALUES(26,59);
INSERT INTO PRODUCTINGREDIENT_REL(product_id, ingr_id) VALUES(26,92);
INSERT INTO PRODUCTINGREDIENT_REL(product_id, ingr_id) VALUES(26,63);
INSERT INTO PRODUCTINGREDIENT_REL(product_id, ingr_id) VALUES(26,139);
INSERT INTO PRODUCTINGREDIENT_REL(product_id, ingr_id) VALUES(26,186);
INSERT INTO PRODUCTINGREDIENT_REL(product_id, ingr_id) VALUES(26,562);
INSERT INTO PRODUCTINGREDIENT_REL(product_id, ingr_id) VALUES(26,220);
INSERT INTO PRODUCTINGREDIENT_REL(product_id, ingr_id) VALUES(26,240);
INSERT INTO PRODUCTINGREDIENT_REL(product_id, ingr_id) VALUES(26,257);
INSERT INTO PRODUCTINGREDIENT_REL(product_id, ingr_id) VALUES(26,149);
INSERT INTO PRODUCTINGREDIENT_REL(product_id, ingr_id) VALUES(26,218);
INSERT INTO PRODUCTINGREDIENT_REL(product_id, ingr_id) VALUES(26,256);
INSERT INTO PRODUCTINGREDIENT_REL(product_id, ingr_id) VALUES(26,241);
INSERT INTO PRODUCTINGREDIENT_REL(product_id, ingr_id) VALUES(26,203);
INSERT INTO PRODUCTINGREDIENT_REL(product_id, ingr_id) VALUES(26,274);
INSERT INTO PRODUCTINGREDIENT_REL(product_id, ingr_id) VALUES(26,169);
INSERT INTO PRODUCTINGREDIENT_REL(product_id, ingr_id) VALUES(26,235);
INSERT INTO PRODUCTINGREDIENT_REL(product_id, ingr_id) VALUES(26,172);
INSERT INTO PRODUCTINGREDIENT_REL(product_id, ingr_id) VALUES(26,563);
INSERT INTO PRODUCTINGREDIENT_REL(product_id, ingr_id) VALUES(26,564);
INSERT INTO PRODUCTINGREDIENT_REL(product_id, ingr_id) VALUES(26,565);
INSERT INTO PRODUCTINGREDIENT_REL(product_id, ingr_id) VALUES(26,446);
INSERT INTO PRODUCTINGREDIENT_REL(product_id, ingr_id) VALUES(26,58);
INSERT INTO PRODUCTINGREDIENT_REL(product_id, ingr_id) VALUES(26,193);
INSERT INTO PRODUCTINGREDIENT_REL(product_id, ingr_id) VALUES(26,202);
INSERT INTO PRODUCTINGREDIENT_REL(product_id, ingr_id) VALUES(27,57);
INSERT INTO PRODUCTINGREDIENT_REL(product_id, ingr_id) VALUES(27,175);
INSERT INTO PRODUCTINGREDIENT_REL(product_id, ingr_id) VALUES(27,59);
INSERT INTO PRODUCTINGREDIENT_REL(product_id, ingr_id) VALUES(27,58);
INSERT INTO PRODUCTINGREDIENT_REL(product_id, ingr_id) VALUES(27,92);
INSERT INTO PRODUCTINGREDIENT_REL(product_id, ingr_id) VALUES(27,63);
INSERT INTO PRODUCTINGREDIENT_REL(product_id, ingr_id) VALUES(27,447);
INSERT INTO PRODUCTINGREDIENT_REL(product_id, ingr_id) VALUES(27,386);
INSERT INTO PRODUCTINGREDIENT_REL(product_id, ingr_id) VALUES(27,487);
INSERT INTO PRODUCTINGREDIENT_REL(product_id, ingr_id) VALUES(27,81);
INSERT INTO PRODUCTINGREDIENT_REL(product_id, ingr_id) VALUES(27,488);
INSERT INTO PRODUCTINGREDIENT_REL(product_id, ingr_id) VALUES(27,79);
INSERT INTO PRODUCTINGREDIENT_REL(product_id, ingr_id) VALUES(27,178);
INSERT INTO PRODUCTINGREDIENT_REL(product_id, ingr_id) VALUES(27,228);
INSERT INTO PRODUCTINGREDIENT_REL(product_id, ingr_id) VALUES(27,489);
INSERT INTO PRODUCTINGREDIENT_REL(product_id, ingr_id) VALUES(27,490);
INSERT INTO PRODUCTINGREDIENT_REL(product_id, ingr_id) VALUES(27,491);
INSERT INTO PRODUCTINGREDIENT_REL(product_id, ingr_id) VALUES(27,492);
INSERT INTO PRODUCTINGREDIENT_REL(product_id, ingr_id) VALUES(27,493);
INSERT INTO PRODUCTINGREDIENT_REL(product_id, ingr_id) VALUES(27,87);
INSERT INTO PRODUCTINGREDIENT_REL(product_id, ingr_id) VALUES(27,255);
INSERT INTO PRODUCTINGREDIENT_REL(product_id, ingr_id) VALUES(27,388);
INSERT INTO PRODUCTINGREDIENT_REL(product_id, ingr_id) VALUES(27,494);
INSERT INTO PRODUCTINGREDIENT_REL(product_id, ingr_id) VALUES(27,495);
INSERT INTO PRODUCTINGREDIENT_REL(product_id, ingr_id) VALUES(27,186);
INSERT INTO PRODUCTINGREDIENT_REL(product_id, ingr_id) VALUES(28,57);
INSERT INTO PRODUCTINGREDIENT_REL(product_id, ingr_id) VALUES(28,58);
INSERT INTO PRODUCTINGREDIENT_REL(product_id, ingr_id) VALUES(28,224);
INSERT INTO PRODUCTINGREDIENT_REL(product_id, ingr_id) VALUES(28,92);
INSERT INTO PRODUCTINGREDIENT_REL(product_id, ingr_id) VALUES(28,386);
INSERT INTO PRODUCTINGREDIENT_REL(product_id, ingr_id) VALUES(28,487);
INSERT INTO PRODUCTINGREDIENT_REL(product_id, ingr_id) VALUES(28,496);
INSERT INTO PRODUCTINGREDIENT_REL(product_id, ingr_id) VALUES(28,497);
INSERT INTO PRODUCTINGREDIENT_REL(product_id, ingr_id) VALUES(28,59);
INSERT INTO PRODUCTINGREDIENT_REL(product_id, ingr_id) VALUES(28,172);
INSERT INTO PRODUCTINGREDIENT_REL(product_id, ingr_id) VALUES(28,87);
INSERT INTO PRODUCTINGREDIENT_REL(product_id, ingr_id) VALUES(28,79);
INSERT INTO PRODUCTINGREDIENT_REL(product_id, ingr_id) VALUES(28,498);
INSERT INTO PRODUCTINGREDIENT_REL(product_id, ingr_id) VALUES(28,499);
INSERT INTO PRODUCTINGREDIENT_REL(product_id, ingr_id) VALUES(28,171);
INSERT INTO PRODUCTINGREDIENT_REL(product_id, ingr_id) VALUES(28,228);
INSERT INTO PRODUCTINGREDIENT_REL(product_id, ingr_id) VALUES(28,500);
INSERT INTO PRODUCTINGREDIENT_REL(product_id, ingr_id) VALUES(28,178);
INSERT INTO PRODUCTINGREDIENT_REL(product_id, ingr_id) VALUES(28,344);
INSERT INTO PRODUCTINGREDIENT_REL(product_id, ingr_id) VALUES(28,501);
INSERT INTO PRODUCTINGREDIENT_REL(product_id, ingr_id) VALUES(28,186);
INSERT INTO PRODUCTINGREDIENT_REL(product_id, ingr_id) VALUES(28,165);
INSERT INTO PRODUCTINGREDIENT_REL(product_id, ingr_id) VALUES(28,502);
INSERT INTO PRODUCTINGREDIENT_REL(product_id, ingr_id) VALUES(28,202);
INSERT INTO PRODUCTINGREDIENT_REL(product_id, ingr_id) VALUES(29,57);
INSERT INTO PRODUCTINGREDIENT_REL(product_id, ingr_id) VALUES(29,58);
INSERT INTO PRODUCTINGREDIENT_REL(product_id, ingr_id) VALUES(29,61);
INSERT INTO PRODUCTINGREDIENT_REL(product_id, ingr_id) VALUES(29,496);
INSERT INTO PRODUCTINGREDIENT_REL(product_id, ingr_id) VALUES(29,137);
INSERT INTO PRODUCTINGREDIENT_REL(product_id, ingr_id) VALUES(29,92);
INSERT INTO PRODUCTINGREDIENT_REL(product_id, ingr_id) VALUES(29,73);
INSERT INTO PRODUCTINGREDIENT_REL(product_id, ingr_id) VALUES(29,165);
INSERT INTO PRODUCTINGREDIENT_REL(product_id, ingr_id) VALUES(29,64);
INSERT INTO PRODUCTINGREDIENT_REL(product_id, ingr_id) VALUES(29,503);
INSERT INTO PRODUCTINGREDIENT_REL(product_id, ingr_id) VALUES(29,501);
INSERT INTO PRODUCTINGREDIENT_REL(product_id, ingr_id) VALUES(29,344);
INSERT INTO PRODUCTINGREDIENT_REL(product_id, ingr_id) VALUES(29,144);
INSERT INTO PRODUCTINGREDIENT_REL(product_id, ingr_id) VALUES(29,504);
INSERT INTO PRODUCTINGREDIENT_REL(product_id, ingr_id) VALUES(29,498);
INSERT INTO PRODUCTINGREDIENT_REL(product_id, ingr_id) VALUES(29,93);
INSERT INTO PRODUCTINGREDIENT_REL(product_id, ingr_id) VALUES(29,127);
INSERT INTO PRODUCTINGREDIENT_REL(product_id, ingr_id) VALUES(29,169);
INSERT INTO PRODUCTINGREDIENT_REL(product_id, ingr_id) VALUES(29,81);
INSERT INTO PRODUCTINGREDIENT_REL(product_id, ingr_id) VALUES(29,82);
INSERT INTO PRODUCTINGREDIENT_REL(product_id, ingr_id) VALUES(29,146);
INSERT INTO PRODUCTINGREDIENT_REL(product_id, ingr_id) VALUES(29,86);
INSERT INTO PRODUCTINGREDIENT_REL(product_id, ingr_id) VALUES(29,80);
INSERT INTO PRODUCTINGREDIENT_REL(product_id, ingr_id) VALUES(30,57);
INSERT INTO PRODUCTINGREDIENT_REL(product_id, ingr_id) VALUES(30,59);
INSERT INTO PRODUCTINGREDIENT_REL(product_id, ingr_id) VALUES(30,417);
INSERT INTO PRODUCTINGREDIENT_REL(product_id, ingr_id) VALUES(30,511);
INSERT INTO PRODUCTINGREDIENT_REL(product_id, ingr_id) VALUES(30,58);
INSERT INTO PRODUCTINGREDIENT_REL(product_id, ingr_id) VALUES(30,186);
INSERT INTO PRODUCTINGREDIENT_REL(product_id, ingr_id) VALUES(30,505);
INSERT INTO PRODUCTINGREDIENT_REL(product_id, ingr_id) VALUES(30,506);
INSERT INTO PRODUCTINGREDIENT_REL(product_id, ingr_id) VALUES(30,507);
INSERT INTO PRODUCTINGREDIENT_REL(product_id, ingr_id) VALUES(30,281);
INSERT INTO PRODUCTINGREDIENT_REL(product_id, ingr_id) VALUES(30,284);
INSERT INTO PRODUCTINGREDIENT_REL(product_id, ingr_id) VALUES(30,508);
INSERT INTO PRODUCTINGREDIENT_REL(product_id, ingr_id) VALUES(30,509);
INSERT INTO PRODUCTINGREDIENT_REL(product_id, ingr_id) VALUES(30,92);
INSERT INTO PRODUCTINGREDIENT_REL(product_id, ingr_id) VALUES(30,510);
INSERT INTO PRODUCTINGREDIENT_REL(product_id, ingr_id) VALUES(30,63);
INSERT INTO PRODUCTINGREDIENT_REL(product_id, ingr_id) VALUES(30,78);
INSERT INTO PRODUCTINGREDIENT_REL(product_id, ingr_id) VALUES(30,21);
INSERT INTO PRODUCTINGREDIENT_REL(product_id, ingr_id) VALUES(30,172);
INSERT INTO PRODUCTINGREDIENT_REL(product_id, ingr_id) VALUES(30,227);
INSERT INTO PRODUCTINGREDIENT_REL(product_id, ingr_id) VALUES(30,331);
INSERT INTO PRODUCTINGREDIENT_REL(product_id, ingr_id) VALUES(30,80);
INSERT INTO PRODUCTINGREDIENT_REL(product_id, ingr_id) VALUES(30,79);
INSERT INTO PRODUCTINGREDIENT_REL(product_id, ingr_id) VALUES(30,48);
INSERT INTO PRODUCTINGREDIENT_REL(product_id, ingr_id) VALUES(30,54);
INSERT INTO PRODUCTINGREDIENT_REL(product_id, ingr_id) VALUES(31,57);
INSERT INTO PRODUCTINGREDIENT_REL(product_id, ingr_id) VALUES(31,59);
INSERT INTO PRODUCTINGREDIENT_REL(product_id, ingr_id) VALUES(31,175);
INSERT INTO PRODUCTINGREDIENT_REL(product_id, ingr_id) VALUES(31,403);
INSERT INTO PRODUCTINGREDIENT_REL(product_id, ingr_id) VALUES(31,512);
INSERT INTO PRODUCTINGREDIENT_REL(product_id, ingr_id) VALUES(31,513);
INSERT INTO PRODUCTINGREDIENT_REL(product_id, ingr_id) VALUES(31,514);
INSERT INTO PRODUCTINGREDIENT_REL(product_id, ingr_id) VALUES(31,400);
INSERT INTO PRODUCTINGREDIENT_REL(product_id, ingr_id) VALUES(31,92);
INSERT INTO PRODUCTINGREDIENT_REL(product_id, ingr_id) VALUES(31,515);
INSERT INTO PRODUCTINGREDIENT_REL(product_id, ingr_id) VALUES(31,516);
INSERT INTO PRODUCTINGREDIENT_REL(product_id, ingr_id) VALUES(31,192);
INSERT INTO PRODUCTINGREDIENT_REL(product_id, ingr_id) VALUES(31,263);
INSERT INTO PRODUCTINGREDIENT_REL(product_id, ingr_id) VALUES(31,131);
INSERT INTO PRODUCTINGREDIENT_REL(product_id, ingr_id) VALUES(31,441);
INSERT INTO PRODUCTINGREDIENT_REL(product_id, ingr_id) VALUES(31,517);
INSERT INTO PRODUCTINGREDIENT_REL(product_id, ingr_id) VALUES(31,54);
INSERT INTO PRODUCTINGREDIENT_REL(product_id, ingr_id) VALUES(31,66);
INSERT INTO PRODUCTINGREDIENT_REL(product_id, ingr_id) VALUES(31,518);
INSERT INTO PRODUCTINGREDIENT_REL(product_id, ingr_id) VALUES(31,519);
INSERT INTO PRODUCTINGREDIENT_REL(product_id, ingr_id) VALUES(31,80);
INSERT INTO PRODUCTINGREDIENT_REL(product_id, ingr_id) VALUES(31,235);
INSERT INTO PRODUCTINGREDIENT_REL(product_id, ingr_id) VALUES(31,520);
INSERT INTO PRODUCTINGREDIENT_REL(product_id, ingr_id) VALUES(31,521);
INSERT INTO PRODUCTINGREDIENT_REL(product_id, ingr_id) VALUES(31,483);
INSERT INTO PRODUCTINGREDIENT_REL(product_id, ingr_id) VALUES(31,522);
INSERT INTO PRODUCTINGREDIENT_REL(product_id, ingr_id) VALUES(31,523);
INSERT INTO PRODUCTINGREDIENT_REL(product_id, ingr_id) VALUES(31,86);
INSERT INTO PRODUCTINGREDIENT_REL(product_id, ingr_id) VALUES(32,98);
INSERT INTO PRODUCTINGREDIENT_REL(product_id, ingr_id) VALUES(32,97);
INSERT INTO PRODUCTINGREDIENT_REL(product_id, ingr_id) VALUES(32,343);
INSERT INTO PRODUCTINGREDIENT_REL(product_id, ingr_id) VALUES(32,99);
INSERT INTO PRODUCTINGREDIENT_REL(product_id, ingr_id) VALUES(32,415);
INSERT INTO PRODUCTINGREDIENT_REL(product_id, ingr_id) VALUES(32,371);
INSERT INTO PRODUCTINGREDIENT_REL(product_id, ingr_id) VALUES(32,425);
INSERT INTO PRODUCTINGREDIENT_REL(product_id, ingr_id) VALUES(32,297);
INSERT INTO PRODUCTINGREDIENT_REL(product_id, ingr_id) VALUES(32,566);
INSERT INTO PRODUCTINGREDIENT_REL(product_id, ingr_id) VALUES(32,567);
INSERT INTO PRODUCTINGREDIENT_REL(product_id, ingr_id) VALUES(32,298);
INSERT INTO PRODUCTINGREDIENT_REL(product_id, ingr_id) VALUES(32,568);
INSERT INTO PRODUCTINGREDIENT_REL(product_id, ingr_id) VALUES(32,569);
INSERT INTO PRODUCTINGREDIENT_REL(product_id, ingr_id) VALUES(32,570);
INSERT INTO PRODUCTINGREDIENT_REL(product_id, ingr_id) VALUES(32,105);
INSERT INTO PRODUCTINGREDIENT_REL(product_id, ingr_id) VALUES(32,77);
INSERT INTO PRODUCTINGREDIENT_REL(product_id, ingr_id) VALUES(32,121);
INSERT INTO PRODUCTINGREDIENT_REL(product_id, ingr_id) VALUES(32,269);
INSERT INTO PRODUCTINGREDIENT_REL(product_id, ingr_id) VALUES(32,571);
INSERT INTO PRODUCTINGREDIENT_REL(product_id, ingr_id) VALUES(32,300);
INSERT INTO PRODUCTINGREDIENT_REL(product_id, ingr_id) VALUES(32,54);
INSERT INTO PRODUCTINGREDIENT_REL(product_id, ingr_id) VALUES(32,301);
INSERT INTO PRODUCTINGREDIENT_REL(product_id, ingr_id) VALUES(32,103);
INSERT INTO PRODUCTINGREDIENT_REL(product_id, ingr_id) VALUES(32,53);
INSERT INTO PRODUCTINGREDIENT_REL(product_id, ingr_id) VALUES(32,374);
INSERT INTO PRODUCTINGREDIENT_REL(product_id, ingr_id) VALUES(32,109);
INSERT INTO PRODUCTINGREDIENT_REL(product_id, ingr_id) VALUES(32,51);
INSERT INTO PRODUCTINGREDIENT_REL(product_id, ingr_id) VALUES(32,223);
INSERT INTO PRODUCTINGREDIENT_REL(product_id, ingr_id) VALUES(32,114);
INSERT INTO PRODUCTINGREDIENT_REL(product_id, ingr_id) VALUES(32,529);
INSERT INTO PRODUCTINGREDIENT_REL(product_id, ingr_id) VALUES(32,317);
INSERT INTO PRODUCTINGREDIENT_REL(product_id, ingr_id) VALUES(32,57);
INSERT INTO PRODUCTINGREDIENT_REL(product_id, ingr_id) VALUES(32,59);
INSERT INTO PRODUCTINGREDIENT_REL(product_id, ingr_id) VALUES(32,137);
INSERT INTO PRODUCTINGREDIENT_REL(product_id, ingr_id) VALUES(32,10);
INSERT INTO PRODUCTINGREDIENT_REL(product_id, ingr_id) VALUES(32,572);
INSERT INTO PRODUCTINGREDIENT_REL(product_id, ingr_id) VALUES(32,336);
INSERT INTO PRODUCTINGREDIENT_REL(product_id, ingr_id) VALUES(32,573);
INSERT INTO PRODUCTINGREDIENT_REL(product_id, ingr_id) VALUES(33,57);
INSERT INTO PRODUCTINGREDIENT_REL(product_id, ingr_id) VALUES(33,58);
INSERT INTO PRODUCTINGREDIENT_REL(product_id, ingr_id) VALUES(33,73);
INSERT INTO PRODUCTINGREDIENT_REL(product_id, ingr_id) VALUES(33,92);
INSERT INTO PRODUCTINGREDIENT_REL(product_id, ingr_id) VALUES(33,137);
INSERT INTO PRODUCTINGREDIENT_REL(product_id, ingr_id) VALUES(33,192);
INSERT INTO PRODUCTINGREDIENT_REL(product_id, ingr_id) VALUES(33,80);
INSERT INTO PRODUCTINGREDIENT_REL(product_id, ingr_id) VALUES(33,524);
INSERT INTO PRODUCTINGREDIENT_REL(product_id, ingr_id) VALUES(33,218);
INSERT INTO PRODUCTINGREDIENT_REL(product_id, ingr_id) VALUES(33,525);
INSERT INTO PRODUCTINGREDIENT_REL(product_id, ingr_id) VALUES(33,227);
INSERT INTO PRODUCTINGREDIENT_REL(product_id, ingr_id) VALUES(33,391);
INSERT INTO PRODUCTINGREDIENT_REL(product_id, ingr_id) VALUES(33,105);
INSERT INTO PRODUCTINGREDIENT_REL(product_id, ingr_id) VALUES(33,178);
INSERT INTO PRODUCTINGREDIENT_REL(product_id, ingr_id) VALUES(33,233);
INSERT INTO PRODUCTINGREDIENT_REL(product_id, ingr_id) VALUES(33,526);
INSERT INTO PRODUCTINGREDIENT_REL(product_id, ingr_id) VALUES(33,522);
INSERT INTO PRODUCTINGREDIENT_REL(product_id, ingr_id) VALUES(33,174);
INSERT INTO PRODUCTINGREDIENT_REL(product_id, ingr_id) VALUES(33,527);
INSERT INTO PRODUCTINGREDIENT_REL(product_id, ingr_id) VALUES(33,497);
INSERT INTO PRODUCTINGREDIENT_REL(product_id, ingr_id) VALUES(33,528);
INSERT INTO PRODUCTINGREDIENT_REL(product_id, ingr_id) VALUES(33,114);
INSERT INTO PRODUCTINGREDIENT_REL(product_id, ingr_id) VALUES(33,529);
INSERT INTO PRODUCTINGREDIENT_REL(product_id, ingr_id) VALUES(33,530);
INSERT INTO PRODUCTINGREDIENT_REL(product_id, ingr_id) VALUES(33,537);
INSERT INTO PRODUCTINGREDIENT_REL(product_id, ingr_id) VALUES(33,86);
INSERT INTO PRODUCTINGREDIENT_REL(product_id, ingr_id) VALUES(33,531);
INSERT INTO PRODUCTINGREDIENT_REL(product_id, ingr_id) VALUES(33,532);
INSERT INTO PRODUCTINGREDIENT_REL(product_id, ingr_id) VALUES(34,57);
INSERT INTO PRODUCTINGREDIENT_REL(product_id, ingr_id) VALUES(34,208);
INSERT INTO PRODUCTINGREDIENT_REL(product_id, ingr_id) VALUES(34,121);
INSERT INTO PRODUCTINGREDIENT_REL(product_id, ingr_id) VALUES(34,58);
INSERT INTO PRODUCTINGREDIENT_REL(product_id, ingr_id) VALUES(34,212);
INSERT INTO PRODUCTINGREDIENT_REL(product_id, ingr_id) VALUES(34,224);
INSERT INTO PRODUCTINGREDIENT_REL(product_id, ingr_id) VALUES(34,65);
INSERT INTO PRODUCTINGREDIENT_REL(product_id, ingr_id) VALUES(34,211);
INSERT INTO PRODUCTINGREDIENT_REL(product_id, ingr_id) VALUES(34,73);
INSERT INTO PRODUCTINGREDIENT_REL(product_id, ingr_id) VALUES(34,538);
INSERT INTO PRODUCTINGREDIENT_REL(product_id, ingr_id) VALUES(34,539);
INSERT INTO PRODUCTINGREDIENT_REL(product_id, ingr_id) VALUES(34,61);
INSERT INTO PRODUCTINGREDIENT_REL(product_id, ingr_id) VALUES(34,540);
INSERT INTO PRODUCTINGREDIENT_REL(product_id, ingr_id) VALUES(34,298);
INSERT INTO PRODUCTINGREDIENT_REL(product_id, ingr_id) VALUES(34,214);
INSERT INTO PRODUCTINGREDIENT_REL(product_id, ingr_id) VALUES(34,302);
INSERT INTO PRODUCTINGREDIENT_REL(product_id, ingr_id) VALUES(34,133);
INSERT INTO PRODUCTINGREDIENT_REL(product_id, ingr_id) VALUES(34,118);
INSERT INTO PRODUCTINGREDIENT_REL(product_id, ingr_id) VALUES(34,135);
INSERT INTO PRODUCTINGREDIENT_REL(product_id, ingr_id) VALUES(34,294);
INSERT INTO PRODUCTINGREDIENT_REL(product_id, ingr_id) VALUES(34,88);
INSERT INTO PRODUCTINGREDIENT_REL(product_id, ingr_id) VALUES(34,136);
INSERT INTO PRODUCTINGREDIENT_REL(product_id, ingr_id) VALUES(34,202);
INSERT INTO PRODUCTINGREDIENT_REL(product_id, ingr_id) VALUES(34,67);
INSERT INTO PRODUCTINGREDIENT_REL(product_id, ingr_id) VALUES(34,113);
INSERT INTO PRODUCTINGREDIENT_REL(product_id, ingr_id) VALUES(34,68);
INSERT INTO PRODUCTINGREDIENT_REL(product_id, ingr_id) VALUES(34,117);
INSERT INTO PRODUCTINGREDIENT_REL(product_id, ingr_id) VALUES(34,215);
INSERT INTO PRODUCTINGREDIENT_REL(product_id, ingr_id) VALUES(34,80);
INSERT INTO PRODUCTINGREDIENT_REL(product_id, ingr_id) VALUES(34,301);
INSERT INTO PRODUCTINGREDIENT_REL(product_id, ingr_id) VALUES(34,218);
INSERT INTO PRODUCTINGREDIENT_REL(product_id, ingr_id) VALUES(34,119);
INSERT INTO PRODUCTINGREDIENT_REL(product_id, ingr_id) VALUES(34,59);
INSERT INTO PRODUCTINGREDIENT_REL(product_id, ingr_id) VALUES(34,439);
INSERT INTO PRODUCTINGREDIENT_REL(product_id, ingr_id) VALUES(34,223);
INSERT INTO PRODUCTINGREDIENT_REL(product_id, ingr_id) VALUES(34,92);
INSERT INTO PRODUCTINGREDIENT_REL(product_id, ingr_id) VALUES(34,87);
INSERT INTO PRODUCTINGREDIENT_REL(product_id, ingr_id) VALUES(34,541);
INSERT INTO PRODUCTINGREDIENT_REL(product_id, ingr_id) VALUES(34,542);
INSERT INTO PRODUCTINGREDIENT_REL(product_id, ingr_id) VALUES(34,85);
INSERT INTO PRODUCTINGREDIENT_REL(product_id, ingr_id) VALUES(34,241);
INSERT INTO PRODUCTINGREDIENT_REL(product_id, ingr_id) VALUES(34,543);
INSERT INTO PRODUCTINGREDIENT_REL(product_id, ingr_id) VALUES(34,544);
INSERT INTO PRODUCTINGREDIENT_REL(product_id, ingr_id) VALUES(35,212);
INSERT INTO PRODUCTINGREDIENT_REL(product_id, ingr_id) VALUES(35,133);
INSERT INTO PRODUCTINGREDIENT_REL(product_id, ingr_id) VALUES(35,299);
INSERT INTO PRODUCTINGREDIENT_REL(product_id, ingr_id) VALUES(35,463);
INSERT INTO PRODUCTINGREDIENT_REL(product_id, ingr_id) VALUES(35,371);
INSERT INTO PRODUCTINGREDIENT_REL(product_id, ingr_id) VALUES(35,533);
INSERT INTO PRODUCTINGREDIENT_REL(product_id, ingr_id) VALUES(35,462);
INSERT INTO PRODUCTINGREDIENT_REL(product_id, ingr_id) VALUES(35,119);
INSERT INTO PRODUCTINGREDIENT_REL(product_id, ingr_id) VALUES(35,135);
INSERT INTO PRODUCTINGREDIENT_REL(product_id, ingr_id) VALUES(35,465);
INSERT INTO PRODUCTINGREDIENT_REL(product_id, ingr_id) VALUES(35,113);
INSERT INTO PRODUCTINGREDIENT_REL(product_id, ingr_id) VALUES(36,194);
INSERT INTO PRODUCTINGREDIENT_REL(product_id, ingr_id) VALUES(36,166);
INSERT INTO PRODUCTINGREDIENT_REL(product_id, ingr_id) VALUES(36,534);
INSERT INTO PRODUCTINGREDIENT_REL(product_id, ingr_id) VALUES(36,535);
INSERT INTO PRODUCTINGREDIENT_REL(product_id, ingr_id) VALUES(36,439);
INSERT INTO PRODUCTINGREDIENT_REL(product_id, ingr_id) VALUES(36,57);
INSERT INTO PRODUCTINGREDIENT_REL(product_id, ingr_id) VALUES(36,462);
INSERT INTO PRODUCTINGREDIENT_REL(product_id, ingr_id) VALUES(36,137);
INSERT INTO PRODUCTINGREDIENT_REL(product_id, ingr_id) VALUES(36,536);
INSERT INTO PRODUCTINGREDIENT_REL(product_id, ingr_id) VALUES(36,518);
INSERT INTO PRODUCTINGREDIENT_REL(product_id, ingr_id) VALUES(36,257);
INSERT INTO PRODUCTINGREDIENT_REL(product_id, ingr_id) VALUES(36,220);
INSERT INTO PRODUCTINGREDIENT_REL(product_id, ingr_id) VALUES(37,212);
INSERT INTO PRODUCTINGREDIENT_REL(product_id, ingr_id) VALUES(37,133);
INSERT INTO PRODUCTINGREDIENT_REL(product_id, ingr_id) VALUES(37,299);
INSERT INTO PRODUCTINGREDIENT_REL(product_id, ingr_id) VALUES(37,462);
INSERT INTO PRODUCTINGREDIENT_REL(product_id, ingr_id) VALUES(37,463);
INSERT INTO PRODUCTINGREDIENT_REL(product_id, ingr_id) VALUES(37,574);
INSERT INTO PRODUCTINGREDIENT_REL(product_id, ingr_id) VALUES(37,371);
INSERT INTO PRODUCTINGREDIENT_REL(product_id, ingr_id) VALUES(37,135);
INSERT INTO PRODUCTINGREDIENT_REL(product_id, ingr_id) VALUES(37,119);
INSERT INTO PRODUCTINGREDIENT_REL(product_id, ingr_id) VALUES(37,575);
INSERT INTO PRODUCTINGREDIENT_REL(product_id, ingr_id) VALUES(37,465);
INSERT INTO PRODUCTINGREDIENT_REL(product_id, ingr_id) VALUES(37,97);
INSERT INTO PRODUCTINGREDIENT_REL(product_id, ingr_id) VALUES(37,118);
INSERT INTO PRODUCTINGREDIENT_REL(product_id, ingr_id) VALUES(37,121);
INSERT INTO PRODUCTINGREDIENT_REL(product_id, ingr_id) VALUES(37,117);
INSERT INTO PRODUCTINGREDIENT_REL(product_id, ingr_id) VALUES(37,113);
INSERT INTO PRODUCTINGREDIENT_REL(product_id, ingr_id) VALUES(37,136);
INSERT INTO PRODUCTINGREDIENT_REL(product_id, ingr_id) VALUES(37,10);
INSERT INTO PRODUCTINGREDIENT_REL(product_id, ingr_id) VALUES(38,473);
INSERT INTO PRODUCTINGREDIENT_REL(product_id, ingr_id) VALUES(38,59);
INSERT INTO PRODUCTINGREDIENT_REL(product_id, ingr_id) VALUES(38,398);
INSERT INTO PRODUCTINGREDIENT_REL(product_id, ingr_id) VALUES(38,207);
INSERT INTO PRODUCTINGREDIENT_REL(product_id, ingr_id) VALUES(38,57);
INSERT INTO PRODUCTINGREDIENT_REL(product_id, ingr_id) VALUES(38,399);
INSERT INTO PRODUCTINGREDIENT_REL(product_id, ingr_id) VALUES(38,400);
INSERT INTO PRODUCTINGREDIENT_REL(product_id, ingr_id) VALUES(38,92);
INSERT INTO PRODUCTINGREDIENT_REL(product_id, ingr_id) VALUES(38,401);
INSERT INTO PRODUCTINGREDIENT_REL(product_id, ingr_id) VALUES(38,402);
INSERT INTO PRODUCTINGREDIENT_REL(product_id, ingr_id) VALUES(38,403);
INSERT INTO PRODUCTINGREDIENT_REL(product_id, ingr_id) VALUES(38,404);
INSERT INTO PRODUCTINGREDIENT_REL(product_id, ingr_id) VALUES(38,131);
INSERT INTO PRODUCTINGREDIENT_REL(product_id, ingr_id) VALUES(38,387);
INSERT INTO PRODUCTINGREDIENT_REL(product_id, ingr_id) VALUES(38,169);
INSERT INTO PRODUCTINGREDIENT_REL(product_id, ingr_id) VALUES(38,405);
INSERT INTO PRODUCTINGREDIENT_REL(product_id, ingr_id) VALUES(38,406);
INSERT INTO PRODUCTINGREDIENT_REL(product_id, ingr_id) VALUES(38,80);
INSERT INTO PRODUCTINGREDIENT_REL(product_id, ingr_id) VALUES(38,386);
INSERT INTO PRODUCTINGREDIENT_REL(product_id, ingr_id) VALUES(38,178);
INSERT INTO PRODUCTINGREDIENT_REL(product_id, ingr_id) VALUES(39,57);
INSERT INTO PRODUCTINGREDIENT_REL(product_id, ingr_id) VALUES(39,59);
INSERT INTO PRODUCTINGREDIENT_REL(product_id, ingr_id) VALUES(39,58);
INSERT INTO PRODUCTINGREDIENT_REL(product_id, ingr_id) VALUES(39,92);
INSERT INTO PRODUCTINGREDIENT_REL(product_id, ingr_id) VALUES(39,137);
INSERT INTO PRODUCTINGREDIENT_REL(product_id, ingr_id) VALUES(39,430);
INSERT INTO PRODUCTINGREDIENT_REL(product_id, ingr_id) VALUES(39,470);
INSERT INTO PRODUCTINGREDIENT_REL(product_id, ingr_id) VALUES(39,545);
INSERT INTO PRODUCTINGREDIENT_REL(product_id, ingr_id) VALUES(39,444);
INSERT INTO PRODUCTINGREDIENT_REL(product_id, ingr_id) VALUES(39,85);
INSERT INTO PRODUCTINGREDIENT_REL(product_id, ingr_id) VALUES(39,250);
INSERT INTO PRODUCTINGREDIENT_REL(product_id, ingr_id) VALUES(39,249);
INSERT INTO PRODUCTINGREDIENT_REL(product_id, ingr_id) VALUES(39,68);
INSERT INTO PRODUCTINGREDIENT_REL(product_id, ingr_id) VALUES(39,72);
INSERT INTO PRODUCTINGREDIENT_REL(product_id, ingr_id) VALUES(39,546);
INSERT INTO PRODUCTINGREDIENT_REL(product_id, ingr_id) VALUES(39,547);
INSERT INTO PRODUCTINGREDIENT_REL(product_id, ingr_id) VALUES(39,543);
INSERT INTO PRODUCTINGREDIENT_REL(product_id, ingr_id) VALUES(39,139);
INSERT INTO PRODUCTINGREDIENT_REL(product_id, ingr_id) VALUES(39,178);
INSERT INTO PRODUCTINGREDIENT_REL(product_id, ingr_id) VALUES(39,479);
INSERT INTO PRODUCTINGREDIENT_REL(product_id, ingr_id) VALUES(39,494);
INSERT INTO PRODUCTINGREDIENT_REL(product_id, ingr_id) VALUES(39,388);
INSERT INTO PRODUCTINGREDIENT_REL(product_id, ingr_id) VALUES(39,247);
INSERT INTO PRODUCTINGREDIENT_REL(product_id, ingr_id) VALUES(39,66);
INSERT INTO PRODUCTINGREDIENT_REL(product_id, ingr_id) VALUES(39,224);
INSERT INTO PRODUCTINGREDIENT_REL(product_id, ingr_id) VALUES(39,69);
INSERT INTO PRODUCTINGREDIENT_REL(product_id, ingr_id) VALUES(39,180);
INSERT INTO PRODUCTINGREDIENT_REL(product_id, ingr_id) VALUES(39,87);
INSERT INTO PRODUCTINGREDIENT_REL(product_id, ingr_id) VALUES(39,193);
INSERT INTO PRODUCTINGREDIENT_REL(product_id, ingr_id) VALUES(39,548);
INSERT INTO PRODUCTINGREDIENT_REL(product_id, ingr_id) VALUES(39,166);
INSERT INTO PRODUCTINGREDIENT_REL(product_id, ingr_id) VALUES(39,175);
INSERT INTO PRODUCTINGREDIENT_REL(product_id, ingr_id) VALUES(39,228);
INSERT INTO PRODUCTINGREDIENT_REL(product_id, ingr_id) VALUES(39,386);
INSERT INTO PRODUCTINGREDIENT_REL(product_id, ingr_id) VALUES(39,80);
INSERT INTO PRODUCTINGREDIENT_REL(product_id, ingr_id) VALUES(39,235);
INSERT INTO PRODUCTINGREDIENT_REL(product_id, ingr_id) VALUES(39,227);
INSERT INTO PRODUCTINGREDIENT_REL(product_id, ingr_id) VALUES(39,549);
INSERT INTO PRODUCTINGREDIENT_REL(product_id, ingr_id) VALUES(40,57);
INSERT INTO PRODUCTINGREDIENT_REL(product_id, ingr_id) VALUES(40,137);
INSERT INTO PRODUCTINGREDIENT_REL(product_id, ingr_id) VALUES(40,59);
INSERT INTO PRODUCTINGREDIENT_REL(product_id, ingr_id) VALUES(40,518);
INSERT INTO PRODUCTINGREDIENT_REL(product_id, ingr_id) VALUES(40,66);
INSERT INTO PRODUCTINGREDIENT_REL(product_id, ingr_id) VALUES(40,194);
INSERT INTO PRODUCTINGREDIENT_REL(product_id, ingr_id) VALUES(40,139);
INSERT INTO PRODUCTINGREDIENT_REL(product_id, ingr_id) VALUES(40,92);
INSERT INTO PRODUCTINGREDIENT_REL(product_id, ingr_id) VALUES(40,69);
INSERT INTO PRODUCTINGREDIENT_REL(product_id, ingr_id) VALUES(40,550);
INSERT INTO PRODUCTINGREDIENT_REL(product_id, ingr_id) VALUES(40,551);
INSERT INTO PRODUCTINGREDIENT_REL(product_id, ingr_id) VALUES(40,415);
INSERT INTO PRODUCTINGREDIENT_REL(product_id, ingr_id) VALUES(40,85);
INSERT INTO PRODUCTINGREDIENT_REL(product_id, ingr_id) VALUES(40,542);
INSERT INTO PRODUCTINGREDIENT_REL(product_id, ingr_id) VALUES(40,552);
INSERT INTO PRODUCTINGREDIENT_REL(product_id, ingr_id) VALUES(40,544);
INSERT INTO PRODUCTINGREDIENT_REL(product_id, ingr_id) VALUES(40,543);
INSERT INTO PRODUCTINGREDIENT_REL(product_id, ingr_id) VALUES(40,72);
INSERT INTO PRODUCTINGREDIENT_REL(product_id, ingr_id) VALUES(40,172);
INSERT INTO PRODUCTINGREDIENT_REL(product_id, ingr_id) VALUES(40,446);
INSERT INTO PRODUCTINGREDIENT_REL(product_id, ingr_id) VALUES(40,63);
INSERT INTO PRODUCTINGREDIENT_REL(product_id, ingr_id) VALUES(40,186);
INSERT INTO PRODUCTINGREDIENT_REL(product_id, ingr_id) VALUES(40,108);
INSERT INTO PRODUCTINGREDIENT_REL(product_id, ingr_id) VALUES(40,68);
INSERT INTO PRODUCTINGREDIENT_REL(product_id, ingr_id) VALUES(40,58);
INSERT INTO PRODUCTINGREDIENT_REL(product_id, ingr_id) VALUES(40,553);
INSERT INTO PRODUCTINGREDIENT_REL(product_id, ingr_id) VALUES(40,554);
INSERT INTO PRODUCTINGREDIENT_REL(product_id, ingr_id) VALUES(40,392);
INSERT INTO PRODUCTINGREDIENT_REL(product_id, ingr_id) VALUES(40,561);
INSERT INTO PRODUCTINGREDIENT_REL(product_id, ingr_id) VALUES(40,555);
INSERT INTO PRODUCTINGREDIENT_REL(product_id, ingr_id) VALUES(40,187);
INSERT INTO PRODUCTINGREDIENT_REL(product_id, ingr_id) VALUES(40,78);
INSERT INTO PRODUCTINGREDIENT_REL(product_id, ingr_id) VALUES(40,81);
INSERT INTO PRODUCTINGREDIENT_REL(product_id, ingr_id) VALUES(40,182);
INSERT INTO PRODUCTINGREDIENT_REL(product_id, ingr_id) VALUES(40,87);
INSERT INTO PRODUCTINGREDIENT_REL(product_id, ingr_id) VALUES(40,376);
INSERT INTO PRODUCTINGREDIENT_REL(product_id, ingr_id) VALUES(40,556);
INSERT INTO PRODUCTINGREDIENT_REL(product_id, ingr_id) VALUES(40,80);
INSERT INTO PRODUCTINGREDIENT_REL(product_id, ingr_id) VALUES(40,76);
INSERT INTO PRODUCTINGREDIENT_REL(product_id, ingr_id) VALUES(40,513);
INSERT INTO PRODUCTINGREDIENT_REL(product_id, ingr_id) VALUES(40,557);
INSERT INTO PRODUCTINGREDIENT_REL(product_id, ingr_id) VALUES(40,79);
INSERT INTO PRODUCTINGREDIENT_REL(product_id, ingr_id) VALUES(40,175);
INSERT INTO PRODUCTINGREDIENT_REL(product_id, ingr_id) VALUES(40,188);
INSERT INTO PRODUCTINGREDIENT_REL(product_id, ingr_id) VALUES(40,86);
INSERT INTO PRODUCTINGREDIENT_REL(product_id, ingr_id) VALUES(40,558);
INSERT INTO PRODUCTINGREDIENT_REL(product_id, ingr_id) VALUES(40,559);
INSERT INTO PRODUCTINGREDIENT_REL(product_id, ingr_id) VALUES(40,560);

COMMIT;